id1,id2,weight
footwear.n.02,covering.n.02,1
adhesive_tape.n.01,physical_entity.n.01,1
candle.n.01,physical_entity.n.01,1
organism.n.01,entity.n.01,1
owl.n.01,vertebrate.n.01,1
treadmill.n.01,physical_entity.n.01,1
vertebrate.n.01,physical_entity.n.01,1
tea.n.01,physical_entity.n.01,1
goggles.n.01,artifact.n.01,1
coffee_maker.n.01,kitchen_appliance.n.01,1
perfume.n.02,whole.n.02,1
desk.n.01,table.n.02,1
tea_tray.n.01,instrumentality.n.03,1
wheelchair.n.01,object.n.01,1
mat.n.03,entity.n.01,1
bag.n.04,whole.n.02,1
cereal_box.n.01,physical_entity.n.01,1
timepiece.n.01,device.n.01,1
pen.n.01,physical_entity.n.01,1
electric_lamp.n.01,device.n.01,1
electronic_device.n.01,object.n.01,1
instrument.n.01,physical_entity.n.01,1
desk.n.01,furnishing.n.02,1
can.n.01,instrumentality.n.03,1
stringed_instrument.n.01,musical_instrument.n.01,1
printer.n.03,entity.n.01,1
roller_skate.n.01,artifact.n.01,1
suit.n.01,artifact.n.01,1
plastic_bag.n.01,physical_entity.n.01,1
vine.n.01,entity.n.01,1
carrot.n.01,entity.n.01,1
file.n.03,entity.n.01,1
headdress.n.01,whole.n.02,1
washer.n.03,artifact.n.01,1
mirror.n.01,whole.n.02,1
dog.n.01,organism.n.01,1
instrumentality.n.03,object.n.01,1
seat.n.03,whole.n.02,1
support.n.10,object.n.01,1
earphone.n.01,instrumentality.n.03,1
wineglass.n.01,instrumentality.n.03,1
christmas_bush.n.01,organism.n.01,1
food.n.01,entity.n.01,1
herb.n.01,organism.n.01,1
produce.n.01,entity.n.01,1
High_heels.n.01,object.n.01,1
ring.n.08,physical_entity.n.01,1
Nightstand.n.01,physical_entity.n.01,1
pot.n.04,entity.n.01,1
white_goods.n.01,whole.n.02,1
desk.n.01,whole.n.02,1
cereal_box.n.01,box.n.01,1
bread_knife.n.01,entity.n.01,1
milk.n.01,entity.n.01,1
cooking_utensil.n.01,entity.n.01,1
duck.n.01,organism.n.01,1
whisk.n.01,instrumentality.n.03,1
television.n.01,medium.n.01,1
trouser.n.01,covering.n.02,1
spoon.n.01,whole.n.02,1
cellular_telephone.n.01,electronic_equipment.n.01,1
guitar.n.01,device.n.01,1
television.n.01,entity.n.01,1
jewelry.n.01,artifact.n.01,1
frisbee.n.01,physical_entity.n.01,1
owl.n.01,whole.n.02,1
XBox.n.01,object.n.01,1
equipment.n.01,object.n.01,1
lantern.n.01,entity.n.01,1
doughnut.n.02,baked_goods.n.01,1
remote_control.n.01,whole.n.02,1
tableware.n.01,physical_entity.n.01,1
dimmer.n.01,entity.n.01,1
home_appliance.n.01,artifact.n.01,1
countertop.n.01,object.n.01,1
case.n.05,container.n.01,1
picture_frame.n.01,whole.n.02,1
juice.n.01,foodstuff.n.02,1
keyboard.n.01,artifact.n.01,1
cupboard.n.01,physical_entity.n.01,1
digital_clock.n.01,instrument.n.01,1
writing_implement.n.01,object.n.01,1
home_plate.n.01,instrumentality.n.03,1
coffee_maker.n.01,whole.n.02,1
curtain.n.01,object.n.01,1
bicycle.n.01,entity.n.01,1
case.n.05,artifact.n.01,1
short_pants.n.01,artifact.n.01,1
fireplace.n.01,physical_entity.n.01,1
herb.n.01,vascular_plant.n.01,1
box.n.01,container.n.01,1
coffee_cup.n.01,physical_entity.n.01,1
boot.n.01,covering.n.02,1
window.n.01,framework.n.03,1
produce.n.01,food.n.02,1
vase.n.01,physical_entity.n.01,1
scarf.n.01,covering.n.02,1
scale.n.07,instrumentality.n.03,1
box.n.01,artifact.n.01,1
melon.n.02,plant.n.02,1
heater.n.01,entity.n.01,1
measuring_instrument.n.01,entity.n.01,1
tripod.n.01,object.n.01,1
electronic_device.n.01,instrumentality.n.03,1
book.n.01,physical_entity.n.01,1
football.n.02,physical_entity.n.01,1
balloon.n.01,entity.n.01,1
pitcher.n.02,entity.n.01,1
food.n.02,entity.n.01,1
furniture.n.01,object.n.01,1
football_helmet.n.01,headdress.n.01,1
basketball.n.02,entity.n.01,1
teacup.n.02,instrumentality.n.03,1
switch.n.01,physical_entity.n.01,1
appliance.n.02,whole.n.02,1
stringed_instrument.n.01,physical_entity.n.01,1
woody_plant.n.01,whole.n.02,1
chopping_board.n.01,physical_entity.n.01,1
furnishing.n.02,instrumentality.n.03,1
roller_skate.n.01,whole.n.02,1
musical_instrument.n.01,artifact.n.01,1
drum.n.01,device.n.01,1
clock.n.01,object.n.01,1
football.n.02,equipment.n.01,1
Dog_bed.n.01,furnishing.n.02,1
suit.n.01,whole.n.02,1
charger.n.02,whole.n.02,1
tiara.n.01,clothing.n.01,1
sculpture.n.01,object.n.01,1
kitchenware.n.01,whole.n.02,1
kitchenware.n.01,utensil.n.01,1
cucumber.n.01,whole.n.02,1
kitchen_table.n.01,artifact.n.01,1
jug.n.01,instrumentality.n.03,1
tool.n.01,artifact.n.01,1
placental.n.01,entity.n.01,1
wall_clock.n.01,instrument.n.01,1
bowl.n.01,whole.n.02,1
Table_tennis_racket.n.01,object.n.01,1
blackboard.n.01,artifact.n.01,1
toilet.n.02,physical_entity.n.01,1
console.n.02,device.n.01,1
computer_keyboard.n.01,entity.n.01,1
vessel.n.03,whole.n.02,1
sunhat.n.01,entity.n.01,1
shelf.n.01,physical_entity.n.01,1
kitchenware.n.01,implement.n.01,1
water_faucet.n.01,physical_entity.n.01,1
Facial_tissue_holder.n.01,physical_entity.n.01,1
lipstick.n.01,instrumentality.n.03,1
light_bulb.n.01,entity.n.01,1
key.n.01,physical_entity.n.01,1
gas_range.n.01,physical_entity.n.01,1
mug.n.04,whole.n.02,1
sink.n.01,object.n.01,1
laptop.n.01,object.n.01,1
XBox.n.01,instrumentality.n.03,1
Dog_bed.n.01,whole.n.02,1
structure.n.01,physical_entity.n.01,1
tea_tray.n.01,container.n.01,1
teapot.n.01,physical_entity.n.01,1
dumbbell.n.01,physical_entity.n.01,1
jacket.n.01,object.n.01,1
shirt.n.01,physical_entity.n.01,1
mouse.n.01,organism.n.01,1
piano_keyboard.n.01,whole.n.02,1
pencil.n.01,whole.n.02,1
eraser.n.01,object.n.01,1
pencil_box.n.01,object.n.01,1
Bathroom_cabinet.n.01,furnishing.n.02,1
electric_socket.n.01,part.n.02,1
measuring_cup.n.01,entity.n.01,1
drawer.n.01,object.n.01,1
whole.n.02,physical_entity.n.01,1
beetle.n.01,entity.n.01,1
boxing_glove.n.01,instrumentality.n.03,1
portable_computer.n.01,artifact.n.01,1
artifact.n.01,whole.n.02,1
garment.n.01,artifact.n.01,1
work.n.02,physical_entity.n.01,1
home_appliance.n.01,whole.n.02,1
condiment.n.01,physical_entity.n.01,1
briefcase.n.01,case.n.05,1
melon.n.02,organism.n.01,1
bag.n.01,whole.n.02,1
block.n.01,physical_entity.n.01,1
alarm_clock.n.01,object.n.01,1
tennis_racket.n.01,physical_entity.n.01,1
jean.n.01,object.n.01,1
keyboard.n.01,whole.n.02,1
dumbbell.n.01,equipment.n.01,1
pencil.n.01,implement.n.01,1
notebook.n.02,entity.n.01,1
sunglasses.n.01,spectacles.n.01,1
soap_dispenser.n.01,whole.n.02,1
volleyball.n.02,whole.n.02,1
sweet_pepper.n.01,entity.n.01,1
owl.n.01,bird.n.01,1
kitchenware.n.01,kitchen_utensil.n.01,1
tripod.n.01,instrumentality.n.03,1
short_pants.n.01,whole.n.02,1
pressure_cooker.n.01,object.n.01,1
bookcase.n.01,physical_entity.n.01,1
baseball_glove.n.01,entity.n.01,1
bag.n.06,entity.n.01,1
sports_equipment.n.01,object.n.01,1
electrical_device.n.01,artifact.n.01,1
Bathroom_cabinet.n.01,whole.n.02,1
pot.n.01,vessel.n.03,1
earring.n.01,artifact.n.01,1
opener.n.03,entity.n.01,1
bathing_cap.n.01,whole.n.02,1
hand_blower.n.01,device.n.01,1
rule.n.12,device.n.01,1
newspaper.n.01,whole.n.02,1
golf_ball.n.01,object.n.01,1
envelope.n.01,container.n.01,1
spectacles.n.01,physical_entity.n.01,1
sock.n.01,object.n.01,1
clock.n.01,instrumentality.n.03,1
sandal.n.01,entity.n.01,1
door.n.01,object.n.01,1
cat.n.01,organism.n.01,1
container.n.01,instrumentality.n.03,1
ball.n.01,object.n.01,1
headdress.n.01,clothing.n.01,1
strawberry.n.01,physical_entity.n.01,1
envelope.n.01,artifact.n.01,1
football.n.02,ball.n.01,1
blender.n.01,whole.n.02,1
blender.n.01,utensil.n.01,1
briefcase.n.01,whole.n.02,1
pineapple.n.01,entity.n.01,1
squash.n.01,organism.n.01,1
musical_instrument.n.01,whole.n.02,1
spatula.n.01,artifact.n.01,1
watch.n.01,physical_entity.n.01,1
toaster.n.02,physical_entity.n.01,1
plaything.n.01,whole.n.02,1
soccer_ball.n.01,physical_entity.n.01,1
cake.n.03,baked_goods.n.01,1
electronic_equipment.n.01,artifact.n.01,1
kitchen_table.n.01,whole.n.02,1
mixer.n.03,physical_entity.n.01,1
Bicycle_helmet.n.01,physical_entity.n.01,1
blanket.n.01,entity.n.01,1
blender.n.01,implement.n.01,1
sunglasses.n.01,entity.n.01,1
blackboard.n.01,whole.n.02,1
Infant_bed.n.01,object.n.01,1
pottery.n.01,entity.n.01,1
mirror.n.01,device.n.01,1
flashlight.n.01,whole.n.02,1
baseball_equipment.n.01,instrumentality.n.03,1
foodstuff.n.02,physical_entity.n.01,1
board.n.03,sheet.n.06,1
plumbing_fixture.n.01,entity.n.01,1
wheelchair.n.01,artifact.n.01,1
soccer_ball.n.01,equipment.n.01,1
toiletry.n.01,physical_entity.n.01,1
pot.n.01,instrumentality.n.03,1
wallet.n.01,instrumentality.n.03,1
mixer.n.03,equipment.n.01,1
covering.n.02,object.n.01,1
camera.n.01,whole.n.02,1
doughnut.n.02,physical_entity.n.01,1
cookie.n.01,entity.n.01,1
machine.n.01,physical_entity.n.01,1
electronic_device.n.01,artifact.n.01,1
kettle.n.01,entity.n.01,1
alarm_clock.n.01,instrumentality.n.03,1
teacup.n.02,container.n.01,1
mixer.n.04,whole.n.02,1
pillow.n.01,whole.n.02,1
plant_organ.n.01,entity.n.01,1
electric_socket.n.01,entity.n.01,1
kitchen_utensil.n.01,whole.n.02,1
kitchen_utensil.n.01,utensil.n.01,1
squash.n.01,vascular_plant.n.01,1
saucer.n.02,physical_entity.n.01,1
tennis_ball.n.01,instrumentality.n.03,1
pressure_cooker.n.01,instrumentality.n.03,1
blender.n.01,kitchen_utensil.n.01,1
vascular_plant.n.01,physical_entity.n.01,1
water_glass.n.02,glass.n.02,1
motorcycle.n.01,entity.n.01,1
houseplant.n.01,physical_entity.n.01,1
bottle_opener.n.01,artifact.n.01,1
instrumentality.n.03,artifact.n.01,1
support.n.10,artifact.n.01,1
umbrella.n.01,physical_entity.n.01,1
portable_computer.n.01,machine.n.01,1
tea_tray.n.01,physical_entity.n.01,1
window.n.01,whole.n.02,1
adhesive_tape.n.01,entity.n.01,1
mixer.n.04,implement.n.01,1
placental.n.01,animal.n.01,1
kitchen_utensil.n.01,implement.n.01,1
treadmill.n.01,entity.n.01,1
vertebrate.n.01,entity.n.01,1
sunhat.n.01,covering.n.02,1
Infant_bed.n.01,furniture.n.01,1
nutriment.n.01,physical_entity.n.01,1
pitcher.n.02,vessel.n.03,1
High_heels.n.01,artifact.n.01,1
wall_clock.n.01,timepiece.n.01,1
ball.n.01,instrumentality.n.03,1
beverage.n.01,physical_entity.n.01,1
ladle.n.01,vessel.n.03,1
cereal_box.n.01,entity.n.01,1
can.n.01,physical_entity.n.01,1
glass.n.02,instrumentality.n.03,1
chest_of_drawers.n.01,artifact.n.01,1
goggles.n.01,device.n.01,1
pen.n.01,entity.n.01,1
pineapple.n.01,vascular_plant.n.01,1
suit.n.01,clothing.n.01,1
skateboard.n.01,board.n.03,1
instrument.n.01,entity.n.01,1
cookie.n.01,food.n.02,1
wine.n.01,physical_entity.n.01,1
teddy.n.01,whole.n.02,1
XBox.n.01,artifact.n.01,1
equipment.n.01,artifact.n.01,1
beetle.n.01,animal.n.01,1
earphone.n.01,physical_entity.n.01,1
plastic_bag.n.01,entity.n.01,1
wineglass.n.01,physical_entity.n.01,1
christmas_bush.n.01,woody_plant.n.01,1
spatula.n.01,utensil.n.01,1
dryer.n.01,physical_entity.n.01,1
Infant_bed.n.01,instrumentality.n.03,1
mixer.n.04,kitchen_utensil.n.01,1
countertop.n.01,artifact.n.01,1
hammer.n.01,instrumentality.n.03,1
writing_implement.n.01,artifact.n.01,1
curtain.n.01,artifact.n.01,1
toothbrush.n.01,toiletry.n.01,1
oven.n.01,whole.n.02,1
baseball_equipment.n.01,sports_equipment.n.01,1
charger.n.02,device.n.01,1
measuring_instrument.n.01,instrument.n.01,1
plant.n.02,organism.n.01,1
skateboard.n.01,artifact.n.01,1
refrigerator.n.01,appliance.n.02,1
ring.n.08,entity.n.01,1
soccer_ball.n.01,ball.n.01,1
Nightstand.n.01,entity.n.01,1
medium.n.01,object.n.01,1
electric_lamp.n.01,lamp.n.01,1
whisk.n.01,physical_entity.n.01,1
frying_pan.n.01,object.n.01,1
poster.n.01,abstraction.n.06,1
switch.n.01,mechanism.n.05,1
pencil_sharpener.n.01,object.n.01,1
decoration.n.01,entity.n.01,1
shoe.n.01,whole.n.02,1
edible_fruit.n.01,matter.n.03,1
furniture.n.01,artifact.n.01,1
measuring_cup.n.01,object.n.01,1
juice.n.01,physical_entity.n.01,1
racket.n.04,object.n.01,1
banana.n.01,physical_entity.n.01,1
timepiece.n.01,instrumentality.n.03,1
milk.n.01,food.n.01,1
frisbee.n.01,entity.n.01,1
tea.n.01,matter.n.03,1
home_plate.n.01,physical_entity.n.01,1
electric_lamp.n.01,instrumentality.n.03,1
tableware.n.01,entity.n.01,1
swimsuit.n.01,artifact.n.01,1
short_pants.n.01,clothing.n.01,1
chopstick.n.01,entity.n.01,1
screwdriver.n.01,instrumentality.n.03,1
sculpture.n.01,artifact.n.01,1
milk.n.01,beverage.n.01,1
creation.n.02,object.n.01,1
bathtub.n.01,instrumentality.n.03,1
bottle_opener.n.01,whole.n.02,1
scale.n.07,physical_entity.n.01,1
gas_range.n.01,appliance.n.02,1
fireplace.n.01,entity.n.01,1
footwear.n.02,whole.n.02,1
spatula.n.01,cooking_utensil.n.01,1
baseball_bat.n.01,baseball_equipment.n.01,1
coffee_cup.n.01,entity.n.01,1
home_plate.n.01,equipment.n.01,1
keyboard.n.01,device.n.01,1
Table_tennis_racket.n.01,artifact.n.01,1
vase.n.01,entity.n.01,1
PlayStation.n.01,entity.n.01,1
shoe.n.01,footwear.n.02,1
High_heels.n.01,whole.n.02,1
woody_plant.n.01,plant.n.02,1
teacup.n.02,physical_entity.n.01,1
book.n.01,entity.n.01,1
banana.n.01,herb.n.01,1
apparel.n.01,entity.n.01,1
football.n.02,entity.n.01,1
bottle_opener.n.01,implement.n.01,1
saltshaker.n.01,whole.n.02,1
baked_goods.n.01,matter.n.03,1
laptop.n.01,artifact.n.01,1
chest_of_drawers.n.01,whole.n.02,1
hand_tool.n.01,object.n.01,1
washer.n.03,white_goods.n.01,1
toothbrush.n.01,whole.n.02,1
cheese.n.01,matter.n.03,1
furnishing.n.02,physical_entity.n.01,1
wardrobe.n.01,object.n.01,1
refrigerator.n.01,home_appliance.n.01,1
refrigerator.n.01,entity.n.01,1
drawer.n.01,container.n.01,1
jacket.n.01,artifact.n.01,1
eraser.n.01,artifact.n.01,1
pencil_box.n.01,artifact.n.01,1
switch.n.01,entity.n.01,1
baked_goods.n.01,solid.n.01,1
stringed_instrument.n.01,entity.n.01,1
area.n.05,whole.n.02,1
backpack.n.01,object.n.01,1
chopping_board.n.01,entity.n.01,1
cheese.n.01,solid.n.01,1
drawer.n.01,artifact.n.01,1
jug.n.01,physical_entity.n.01,1
tiara.n.01,object.n.01,1
flower.n.01,object.n.01,1
football_helmet.n.01,covering.n.02,1
apple.n.01,physical_entity.n.01,1
guitar.n.01,instrumentality.n.03,1
coffee_table.n.01,instrumentality.n.03,1
cake.n.01,physical_entity.n.01,1
jean.n.01,artifact.n.01,1
High_heels.n.01,footwear.n.02,1
violin.n.01,musical_instrument.n.01,1
pressure_cooker.n.01,container.n.01,1
paper_towel.n.01,object.n.01,1
musical_instrument.n.01,device.n.01,1
skateboard.n.01,whole.n.02,1
pencil_sharpener.n.01,instrumentality.n.03,1
sheet.n.06,object.n.01,1
lipstick.n.01,physical_entity.n.01,1
cucumber.n.01,melon.n.02,1
sports_equipment.n.01,artifact.n.01,1
bite.n.04,matter.n.03,1
wall_clock.n.01,whole.n.02,1
shelf.n.01,entity.n.01,1
love_seat.n.01,furnishing.n.02,1
water_faucet.n.01,entity.n.01,1
vertebrate.n.01,animal.n.01,1
mat.n.03,artifact.n.01,1
Facial_tissue_holder.n.01,entity.n.01,1
bird.n.01,physical_entity.n.01,1
key.n.01,entity.n.01,1
gas_range.n.01,entity.n.01,1
gas_range.n.01,home_appliance.n.01,1
structure.n.01,entity.n.01,1
cellular_telephone.n.01,physical_entity.n.01,1
boxing_glove.n.01,physical_entity.n.01,1
teapot.n.01,entity.n.01,1
dumbbell.n.01,entity.n.01,1
computer_keyboard.n.01,keyboard.n.01,1
toaster.n.02,appliance.n.02,1
trouser.n.01,whole.n.02,1
golf_ball.n.01,artifact.n.01,1
sock.n.01,artifact.n.01,1
microwave.n.02,physical_entity.n.01,1
glass.n.02,container.n.01,1
board.n.03,physical_entity.n.01,1
wardrobe.n.01,furniture.n.01,1
mouse.n.04,object.n.01,1
whole.n.02,entity.n.01,1
Picnic_basket.n.01,whole.n.02,1
piano.n.01,musical_instrument.n.01,1
swimsuit.n.01,whole.n.02,1
work.n.02,entity.n.01,1
lamp.n.01,entity.n.01,1
tripod.n.01,physical_entity.n.01,1
motorcycle.n.01,object.n.01,1
block.n.01,entity.n.01,1
poster.n.01,entity.n.01,1
cellular_telephone.n.01,equipment.n.01,1
sunglasses.n.01,instrument.n.01,1
boxing_glove.n.01,equipment.n.01,1
cabinetwork.n.01,physical_entity.n.01,1
doll.n.01,physical_entity.n.01,1
ashcan.n.01,instrumentality.n.03,1
love_seat.n.01,whole.n.02,1
perfume.n.02,object.n.01,1
portable_computer.n.01,device.n.01,1
drum.n.01,instrumentality.n.03,1
table.n.02,furnishing.n.02,1
belt.n.02,covering.n.02,1
boot.n.01,whole.n.02,1
bookcase.n.01,entity.n.01,1
bag.n.04,object.n.01,1
orange.n.01,matter.n.03,1
pot.n.04,artifact.n.01,1
doorknob.n.01,entity.n.01,1
wheeled_vehicle.n.01,whole.n.02,1
wardrobe.n.01,instrumentality.n.03,1
clock.n.01,physical_entity.n.01,1
console.n.02,instrumentality.n.03,1
container.n.01,physical_entity.n.01,1
orange.n.01,solid.n.01,1
electric_fan.n.01,whole.n.02,1
backpack.n.01,instrumentality.n.03,1
implement.n.01,whole.n.02,1
electrical_device.n.01,device.n.01,1
wrench.n.03,whole.n.02,1
spectacles.n.01,entity.n.01,1
covering.n.02,artifact.n.01,1
popcorn.n.01,whole.n.02,1
helmet.n.02,entity.n.01,1
headdress.n.01,object.n.01,1
mirror.n.01,object.n.01,1
strawberry.n.01,entity.n.01,1
sculpture.n.01,creation.n.02,1
seat.n.03,object.n.01,1
table.n.02,whole.n.02,1
pencil.n.01,writing_implement.n.01,1
wineglass.n.01,glass.n.02,1
animal.n.01,organism.n.01,1
wrench.n.03,implement.n.01,1
dishwasher.n.01,whole.n.02,1
watch.n.01,entity.n.01,1
soccer_ball.n.01,entity.n.01,1
sink.n.01,physical_entity.n.01,1
violin.n.01,physical_entity.n.01,1
jean.n.01,whole.n.02,1
christmas_bush.n.01,physical_entity.n.01,1
face_powder.n.01,physical_entity.n.01,1
baseball_equipment.n.01,physical_entity.n.01,1
white_goods.n.01,object.n.01,1
mixer.n.03,entity.n.01,1
desk.n.01,object.n.01,1
herb.n.01,physical_entity.n.01,1
Bicycle_helmet.n.01,entity.n.01,1
wine.n.01,alcohol.n.01,1
organism.n.01,whole.n.02,1
violin.n.01,stringed_instrument.n.01,1
file.n.03,furnishing.n.02,1
strawberry.n.01,produce.n.01,1
pot.n.01,physical_entity.n.01,1
wallet.n.01,physical_entity.n.01,1
condiment.n.01,matter.n.03,1
spoon.n.01,object.n.01,1
pet.n.01,organism.n.01,1
crock_pot.n.01,entity.n.01,1
mat.n.03,whole.n.02,1
toiletry.n.01,entity.n.01,1
owl.n.01,object.n.01,1
coffee.n.01,matter.n.03,1
beer.n.01,matter.n.03,1
alarm_clock.n.01,physical_entity.n.01,1
baseball_equipment.n.01,equipment.n.01,1
remote_control.n.01,object.n.01,1
dryer.n.01,appliance.n.02,1
duck.n.01,physical_entity.n.01,1
hand_blower.n.01,instrumentality.n.03,1
picture_frame.n.01,object.n.01,1
rule.n.12,instrumentality.n.03,1
machine.n.01,entity.n.01,1
tennis_ball.n.01,physical_entity.n.01,1
pressure_cooker.n.01,physical_entity.n.01,1
coffee_maker.n.01,object.n.01,1
cake.n.01,block.n.01,1
printer.n.03,whole.n.02,1
strawberry.n.01,food.n.02,1
necklace.n.01,jewelry.n.01,1
piano.n.01,physical_entity.n.01,1
can_opener.n.01,opener.n.03,1
can_opener.n.01,instrumentality.n.03,1
vine.n.01,whole.n.02,1
carrot.n.01,whole.n.02,1
seat.n.03,furniture.n.01,1
digital_clock.n.01,measuring_instrument.n.01,1
file.n.03,whole.n.02,1
saucer.n.02,entity.n.01,1
vascular_plant.n.01,entity.n.01,1
electronic_device.n.01,device.n.01,1
fruit.n.01,physical_entity.n.01,1
houseplant.n.01,entity.n.01,1
plastic_bag.n.01,bag.n.01,1
tennis_ball.n.01,equipment.n.01,1
door.n.01,physical_entity.n.01,1
umbrella.n.01,entity.n.01,1
ball.n.01,physical_entity.n.01,1
calculator.n.02,physical_entity.n.01,1
pot.n.04,whole.n.02,1
glass.n.02,physical_entity.n.01,1
apparel.n.01,object.n.01,1
muffin.n.01,entity.n.01,1
baseball_bat.n.01,instrumentality.n.03,1
nutriment.n.01,entity.n.01,1
support.n.10,device.n.01,1
medium.n.01,artifact.n.01,1
beverage.n.01,entity.n.01,1
appliance.n.02,object.n.01,1
mirror.n.01,instrumentality.n.03,1
woody_plant.n.01,object.n.01,1
frying_pan.n.01,artifact.n.01,1
seat.n.03,instrumentality.n.03,1
roller_skate.n.01,object.n.01,1
can.n.01,entity.n.01,1
bread_knife.n.01,whole.n.02,1
cooking_utensil.n.01,whole.n.02,1
cooking_utensil.n.01,utensil.n.01,1
suit.n.01,object.n.01,1
charger.n.02,object.n.01,1
shirt.n.01,covering.n.02,1
ball.n.01,equipment.n.01,1
kitchenware.n.01,object.n.01,1
measuring_cup.n.01,artifact.n.01,1
doughnut.n.02,food.n.02,1
television.n.01,whole.n.02,1
cucumber.n.01,object.n.01,1
lantern.n.01,whole.n.02,1
wine.n.01,entity.n.01,1
Infant_bed.n.01,physical_entity.n.01,1
guitar.n.01,musical_instrument.n.01,1
racket.n.04,artifact.n.01,1
scissors.n.01,instrumentality.n.03,1
dimmer.n.01,whole.n.02,1
hammer.n.01,physical_entity.n.01,1
bowl.n.01,object.n.01,1
wineglass.n.01,entity.n.01,1
bread_knife.n.01,implement.n.01,1
dryer.n.01,entity.n.01,1
vessel.n.03,object.n.01,1
water_glass.n.02,instrumentality.n.03,1
cooking_utensil.n.01,implement.n.01,1
bicycle.n.01,whole.n.02,1
XBox.n.01,device.n.01,1
creation.n.02,artifact.n.01,1
doughnut.n.02,matter.n.03,1
mug.n.04,object.n.01,1
Dog_bed.n.01,object.n.01,1
device.n.01,instrumentality.n.03,1
cat.n.01,vertebrate.n.01,1
heater.n.01,whole.n.02,1
doughnut.n.02,solid.n.01,1
measuring_instrument.n.01,whole.n.02,1
piano_keyboard.n.01,object.n.01,1
pencil.n.01,object.n.01,1
trouser.n.01,clothing.n.01,1
die.n.01,physical_entity.n.01,1
ladle.n.01,physical_entity.n.01,1
clothing.n.01,physical_entity.n.01,1
food_processor.n.01,physical_entity.n.01,1
teapot.n.01,vessel.n.03,1
balloon.n.01,whole.n.02,1
tennis_racket.n.01,racket.n.04,1
pizza.n.01,food.n.01,1
wheelchair.n.01,seat.n.03,1
timepiece.n.01,physical_entity.n.01,1
artifact.n.01,object.n.01,1
sandal.n.01,artifact.n.01,1
mouse.n.01,physical_entity.n.01,1
basketball.n.02,whole.n.02,1
necklace.n.01,physical_entity.n.01,1
electric_lamp.n.01,physical_entity.n.01,1
swimsuit.n.01,clothing.n.01,1
home_appliance.n.01,object.n.01,1
hand_tool.n.01,artifact.n.01,1
wardrobe.n.01,artifact.n.01,1
backpack.n.01,container.n.01,1
bag.n.01,object.n.01,1
cooking_utensil.n.01,kitchen_utensil.n.01,1
cassette_deck.n.01,entity.n.01,1
banana.n.01,entity.n.01,1
screwdriver.n.01,physical_entity.n.01,1
goggles.n.01,instrumentality.n.03,1
toilet.n.01,structure.n.01,1
soap_dispenser.n.01,object.n.01,1
volleyball.n.02,object.n.01,1
home_plate.n.01,entity.n.01,1
short_pants.n.01,object.n.01,1
fork.n.01,physical_entity.n.01,1
bathtub.n.01,physical_entity.n.01,1
drum.n.01,musical_instrument.n.01,1
watermelon.n.01,organism.n.01,1
melon.n.02,physical_entity.n.01,1
tiara.n.01,artifact.n.01,1
digital_clock.n.01,entity.n.01,1
tennis_ball.n.01,ball.n.01,1
Bathroom_cabinet.n.01,object.n.01,1
scale.n.07,entity.n.01,1
placental.n.01,whole.n.02,1
bathing_cap.n.01,object.n.01,1
Bicycle_helmet.n.01,covering.n.02,1
baseball_bat.n.01,sports_equipment.n.01,1
computer_keyboard.n.01,whole.n.02,1
newspaper.n.01,object.n.01,1
sheet.n.06,artifact.n.01,1
sunhat.n.01,whole.n.02,1
roller_skate.n.01,instrumentality.n.03,1
microwave.n.02,appliance.n.02,1
Dog_bed.n.01,furniture.n.01,1
charger.n.02,instrumentality.n.03,1
plumbing_fixture.n.01,artifact.n.01,1
jacket.n.01,clothing.n.01,1
light_bulb.n.01,whole.n.02,1
teacup.n.02,entity.n.01,1
golf_ball.n.01,ball.n.01,1
screwdriver.n.01,tool.n.01,1
blender.n.01,object.n.01,1
briefcase.n.01,object.n.01,1
musical_instrument.n.01,object.n.01,1
furnishing.n.02,entity.n.01,1
kettle.n.01,artifact.n.01,1
measuring_cup.n.01,whole.n.02,1
plaything.n.01,object.n.01,1
guitar.n.01,physical_entity.n.01,1
beetle.n.01,whole.n.02,1
coffee_table.n.01,physical_entity.n.01,1
jean.n.01,clothing.n.01,1
mouse.n.04,artifact.n.01,1
laptop.n.01,device.n.01,1
jug.n.01,entity.n.01,1
watermelon.n.01,vascular_plant.n.01,1
blackboard.n.01,object.n.01,1
flag.n.01,entity.n.01,1
apple.n.01,entity.n.01,1
flashlight.n.01,object.n.01,1
motorcycle.n.01,artifact.n.01,1
Dog_bed.n.01,instrumentality.n.03,1
pencil_sharpener.n.01,physical_entity.n.01,1
cake.n.01,entity.n.01,1
notebook.n.02,whole.n.02,1
dimmer.n.01,electrical_device.n.01,1
sweet_pepper.n.01,whole.n.02,1
piano_keyboard.n.01,instrumentality.n.03,1
perfume.n.02,artifact.n.01,1
toilet.n.01,area.n.05,1
bag.n.04,container.n.01,1
apple.n.01,edible_fruit.n.01,1
juice.n.01,matter.n.03,1
baseball_glove.n.01,whole.n.02,1
bag.n.06,whole.n.02,1
lipstick.n.01,entity.n.01,1
bag.n.04,artifact.n.01,1
camera.n.01,object.n.01,1
opener.n.03,whole.n.02,1
hair_spray.n.01,physical_entity.n.01,1
spectacles.n.01,instrument.n.01,1
keyboard.n.01,instrumentality.n.03,1
apple.n.01,produce.n.01,1
bird.n.01,entity.n.01,1
mixer.n.04,object.n.01,1
pillow.n.01,object.n.01,1
kitchen_utensil.n.01,object.n.01,1
cellular_telephone.n.01,entity.n.01,1
boxing_glove.n.01,entity.n.01,1
case.n.05,instrumentality.n.03,1
sandal.n.01,whole.n.02,1
framework.n.03,structure.n.01,1
microwave.n.02,entity.n.01,1
mechanism.n.05,physical_entity.n.01,1
board.n.03,entity.n.01,1
opener.n.03,implement.n.01,1
headdress.n.01,artifact.n.01,1
mirror.n.01,artifact.n.01,1
frying_pan.n.01,cooking_utensil.n.01,1
watch.n.01,instrument.n.01,1
ashcan.n.01,physical_entity.n.01,1
carrot.n.01,plant_organ.n.01,1
drum.n.01,physical_entity.n.01,1
kitchen_table.n.01,furniture.n.01,1
window.n.01,object.n.01,1
cabinetwork.n.01,entity.n.01,1
scarf.n.01,entity.n.01,1
apple.n.01,food.n.02,1
doll.n.01,entity.n.01,1
alcohol.n.01,food.n.01,1
matter.n.03,physical_entity.n.01,1
candy.n.01,food.n.01,1
blanket.n.01,whole.n.02,1
roller_skate.n.01,sports_equipment.n.01,1
die.n.01,block.n.01,1
white_goods.n.01,artifact.n.01,1
desk.n.01,artifact.n.01,1
sunglasses.n.01,whole.n.02,1
pottery.n.01,whole.n.02,1
pottery.n.01,utensil.n.01,1
console.n.02,physical_entity.n.01,1
briefcase.n.01,instrumentality.n.03,1
sandal.n.01,footwear.n.02,1
pineapple.n.01,herb.n.01,1
flashlight.n.01,lamp.n.01,1
spoon.n.01,container.n.01,1
backpack.n.01,physical_entity.n.01,1
popcorn.n.01,plant.n.02,1
musical_instrument.n.01,instrumentality.n.03,1
teddy.n.01,plaything.n.01,1
cake.n.03,matter.n.03,1
cupboard.n.01,structure.n.01,1
plumbing_fixture.n.01,whole.n.02,1
spoon.n.01,artifact.n.01,1
container.n.01,entity.n.01,1
fireplace.n.01,structure.n.01,1
teddy.n.01,object.n.01,1
decoration.n.01,artifact.n.01,1
kitchen_table.n.01,instrumentality.n.03,1
cake.n.03,solid.n.01,1
suit.n.01,garment.n.01,1
tool.n.01,instrumentality.n.03,1
remote_control.n.01,artifact.n.01,1
pottery.n.01,implement.n.01,1
apple.n.01,solid.n.01,1
kettle.n.01,whole.n.02,1
football_helmet.n.01,physical_entity.n.01,1
flashlight.n.01,instrumentality.n.03,1
picture_frame.n.01,artifact.n.01,1
plant_organ.n.01,whole.n.02,1
chopstick.n.01,artifact.n.01,1
oven.n.01,object.n.01,1
edible_fruit.n.01,physical_entity.n.01,1
motorcycle.n.01,whole.n.02,1
dog.n.01,entity.n.01,1
citrus.n.01,matter.n.03,1
violin.n.01,entity.n.01,1
christmas_bush.n.01,entity.n.01,1
face_powder.n.01,entity.n.01,1
baseball_equipment.n.01,entity.n.01,1
herb.n.01,entity.n.01,1
plant.n.02,physical_entity.n.01,1
adhesive_tape.n.01,whole.n.02,1
PlayStation.n.01,artifact.n.01,1
portable_computer.n.01,instrumentality.n.03,1
treadmill.n.01,whole.n.02,1
Nightstand.n.01,table.n.02,1
pot.n.01,entity.n.01,1
shoe.n.01,object.n.01,1
vertebrate.n.01,whole.n.02,1
wallet.n.01,entity.n.01,1
mixing_bowl.n.01,entity.n.01,1
kitchen_utensil.n.01,instrumentality.n.03,1
Infant_bed.n.01,bed.n.01,1
apparel.n.01,artifact.n.01,1
hand_blower.n.01,physical_entity.n.01,1
rule.n.12,physical_entity.n.01,1
cereal_box.n.01,whole.n.02,1
appliance.n.02,artifact.n.01,1
vine.n.01,plant.n.02,1
pen.n.01,whole.n.02,1
refrigerator.n.01,artifact.n.01,1
XBox.n.01,console.n.02,1
can_opener.n.01,physical_entity.n.01,1
duck.n.01,entity.n.01,1
Nightstand.n.01,furnishing.n.02,1
charger.n.02,artifact.n.01,1
instrument.n.01,whole.n.02,1
cupboard.n.01,area.n.05,1
tennis_ball.n.01,entity.n.01,1
kitchenware.n.01,artifact.n.01,1
electrical_device.n.01,instrumentality.n.03,1
bowl.n.01,container.n.01,1
bottle_opener.n.01,object.n.01,1
short_pants.n.01,garment.n.01,1
fireplace.n.01,area.n.05,1
baked_goods.n.01,physical_entity.n.01,1
piano.n.01,entity.n.01,1
plastic_bag.n.01,whole.n.02,1
footwear.n.02,object.n.01,1
vessel.n.03,container.n.01,1
cheese.n.01,physical_entity.n.01,1
bowl.n.01,artifact.n.01,1
pen.n.01,implement.n.01,1
belt.n.02,physical_entity.n.01,1
sunhat.n.01,clothing.n.01,1
vessel.n.03,artifact.n.01,1
food_processor.n.01,appliance.n.02,1
fruit.n.01,entity.n.01,1
framework.n.03,physical_entity.n.01,1
baseball_bat.n.01,physical_entity.n.01,1
kitchen_appliance.n.01,physical_entity.n.01,1
envelope.n.01,instrumentality.n.03,1
saltshaker.n.01,object.n.01,1
calculator.n.02,entity.n.01,1
mug.n.04,artifact.n.01,1
wheelchair.n.01,furniture.n.01,1
chest_of_drawers.n.01,object.n.01,1
Dog_bed.n.01,artifact.n.01,1
ring.n.08,whole.n.02,1
Nightstand.n.01,whole.n.02,1
seat.n.03,physical_entity.n.01,1
toothbrush.n.01,object.n.01,1
can_opener.n.01,tool.n.01,1
glass.n.02,entity.n.01,1
spatula.n.01,instrumentality.n.03,1
piano_keyboard.n.01,artifact.n.01,1
pencil.n.01,artifact.n.01,1
area.n.05,object.n.01,1
electronic_equipment.n.01,instrumentality.n.03,1
decoration.n.01,whole.n.02,1
bag.n.01,container.n.01,1
bird.n.01,animal.n.01,1
baseball_bat.n.01,equipment.n.01,1
scissors.n.01,physical_entity.n.01,1
bite.n.04,physical_entity.n.01,1
soap_dispenser.n.01,container.n.01,1
jug.n.01,vessel.n.03,1
bag.n.01,artifact.n.01,1
frisbee.n.01,whole.n.02,1
water_glass.n.02,physical_entity.n.01,1
tableware.n.01,whole.n.02,1
hammer.n.01,entity.n.01,1
soap_dispenser.n.01,artifact.n.01,1
volleyball.n.02,artifact.n.01,1
chopstick.n.01,whole.n.02,1
lamp.n.01,artifact.n.01,1
christmas_bush.n.01,vascular_plant.n.01,1
scale.n.07,instrument.n.01,1
wheelchair.n.01,instrumentality.n.03,1
object.n.01,physical_entity.n.01,1
skateboard.n.01,object.n.01,1
wall_clock.n.01,object.n.01,1
device.n.01,physical_entity.n.01,1
tiara.n.01,headdress.n.01,1
Bathroom_cabinet.n.01,artifact.n.01,1
fireplace.n.01,whole.n.02,1
wine.n.01,beverage.n.01,1
bathing_cap.n.01,artifact.n.01,1
pear.n.01,matter.n.03,1
coffee_cup.n.01,whole.n.02,1
vase.n.01,whole.n.02,1
PlayStation.n.01,whole.n.02,1
bed.n.01,physical_entity.n.01,1
coffee_maker.n.01,physical_entity.n.01,1
newspaper.n.01,artifact.n.01,1
trouser.n.01,object.n.01,1
die.n.01,entity.n.01,1
chest_of_drawers.n.01,furniture.n.01,1
ladle.n.01,entity.n.01,1
clothing.n.01,entity.n.01,1
briefcase.n.01,container.n.01,1
apparel.n.01,whole.n.02,1
football.n.02,whole.n.02,1
book.n.01,whole.n.02,1
food_processor.n.01,home_appliance.n.01,1
food_processor.n.01,entity.n.01,1
chopstick.n.01,tableware.n.01,1
Picnic_basket.n.01,object.n.01,1
bottle_opener.n.01,instrumentality.n.03,1
bottle_opener.n.01,opener.n.03,1
timepiece.n.01,entity.n.01,1
blender.n.01,artifact.n.01,1
orange.n.01,physical_entity.n.01,1
briefcase.n.01,artifact.n.01,1
goggles.n.01,physical_entity.n.01,1
swimsuit.n.01,object.n.01,1
mouse.n.01,entity.n.01,1
support.n.10,instrumentality.n.03,1
necklace.n.01,entity.n.01,1
electric_lamp.n.01,entity.n.01,1
sandal.n.01,shoe.n.01,1
refrigerator.n.01,whole.n.02,1
helmet.n.02,artifact.n.01,1
switch.n.01,whole.n.02,1
stringed_instrument.n.01,whole.n.02,1
love_seat.n.01,object.n.01,1
chopping_board.n.01,whole.n.02,1
screwdriver.n.01,entity.n.01,1
plaything.n.01,artifact.n.01,1
fork.n.01,entity.n.01,1
bathtub.n.01,entity.n.01,1
boot.n.01,object.n.01,1
melon.n.02,entity.n.01,1
scarf.n.01,object.n.01,1
muffin.n.01,baked_goods.n.01,1
flashlight.n.01,artifact.n.01,1
chest_of_drawers.n.01,instrumentality.n.03,1
wheeled_vehicle.n.01,object.n.01,1
toothbrush.n.01,instrumentality.n.03,1
roller_skate.n.01,physical_entity.n.01,1
dog.n.01,animal.n.01,1
suit.n.01,physical_entity.n.01,1
electric_fan.n.01,object.n.01,1
book.n.01,creation.n.02,1
implement.n.01,object.n.01,1
wrench.n.03,object.n.01,1
washer.n.03,physical_entity.n.01,1
equipment.n.01,instrumentality.n.03,1
shelf.n.01,whole.n.02,1
camera.n.01,artifact.n.01,1
water_faucet.n.01,whole.n.02,1
popcorn.n.01,object.n.01,1
short_pants.n.01,trouser.n.01,1
crock_pot.n.01,artifact.n.01,1
Facial_tissue_holder.n.01,whole.n.02,1
key.n.01,whole.n.02,1
gas_range.n.01,whole.n.02,1
water_faucet.n.01,plumbing_fixture.n.01,1
table.n.02,object.n.01,1
roller_skate.n.01,equipment.n.01,1
bookcase.n.01,furnishing.n.02,1
writing_implement.n.01,instrumentality.n.03,1
structure.n.01,whole.n.02,1
teapot.n.01,whole.n.02,1
lemon.n.01,citrus.n.01,1
dumbbell.n.01,whole.n.02,1
curtain.n.01,instrumentality.n.03,1
mixer.n.04,artifact.n.01,1
pillow.n.01,artifact.n.01,1
cat.n.01,entity.n.01,1
kitchen_utensil.n.01,artifact.n.01,1
dishwasher.n.01,object.n.01,1
cup.n.01,entity.n.01,1
sweet_pepper.n.01,plant.n.02,1
guitar.n.01,entity.n.01,1
coffee.n.01,physical_entity.n.01,1
coffee_table.n.01,entity.n.01,1
wall_clock.n.01,instrumentality.n.03,1
beer.n.01,physical_entity.n.01,1
work.n.02,whole.n.02,1
squash.n.01,entity.n.01,1
animal.n.01,physical_entity.n.01,1
lamp.n.01,whole.n.02,1
organism.n.01,object.n.01,1
block.n.01,whole.n.02,1
window.n.01,artifact.n.01,1
egg.n.02,entity.n.01,1
computer_monitor.n.01,physical_entity.n.01,1
jewelry.n.01,physical_entity.n.01,1
ring.n.08,decoration.n.01,1
artifact.n.01,physical_entity.n.01,1
furniture.n.01,instrumentality.n.03,1
mouse.n.04,device.n.01,1
home_appliance.n.01,physical_entity.n.01,1
sock.n.01,covering.n.02,1
bookcase.n.01,whole.n.02,1
mat.n.03,object.n.01,1
laptop.n.01,portable_computer.n.01,1
clock.n.01,instrument.n.01,1
keyboard.n.01,physical_entity.n.01,1
case.n.05,physical_entity.n.01,1
short_pants.n.01,physical_entity.n.01,1
pet.n.01,physical_entity.n.01,1
hair_spray.n.01,entity.n.01,1
printer.n.03,object.n.01,1
tomato.n.01,produce.n.01,1
pressure_cooker.n.01,vessel.n.03,1
teddy.n.01,artifact.n.01,1
vine.n.01,object.n.01,1
box.n.01,physical_entity.n.01,1
spectacles.n.01,whole.n.02,1
utensil.n.01,physical_entity.n.01,1
table.n.02,furniture.n.01,1
carrot.n.01,object.n.01,1
flower.n.01,plant.n.02,1
file.n.03,object.n.01,1
helmet.n.02,whole.n.02,1
stapler.n.01,entity.n.01,1
Table_tennis_racket.n.01,instrumentality.n.03,1
mechanism.n.05,entity.n.01,1
melon.n.02,vascular_plant.n.01,1
doughnut.n.02,cake.n.03,1
ashcan.n.01,entity.n.01,1
earring.n.01,jewelry.n.01,1
drum.n.01,entity.n.01,1
oven.n.01,artifact.n.01,1
electric_fan.n.01,instrumentality.n.03,1
watch.n.01,whole.n.02,1
wrench.n.03,instrumentality.n.03,1
soccer_ball.n.01,whole.n.02,1
digital_clock.n.01,timepiece.n.01,1
pot.n.04,object.n.01,1
laptop.n.01,instrumentality.n.03,1
mixer.n.03,whole.n.02,1
matter.n.03,entity.n.01,1
Bicycle_helmet.n.01,whole.n.02,1
tomato.n.01,food.n.02,1
skateboard.n.01,sheet.n.06,1
eraser.n.01,instrumentality.n.03,1
pencil_box.n.01,instrumentality.n.03,1
toilet.n.01,entity.n.01,1
oven.n.01,kitchen_appliance.n.01,1
console.n.02,entity.n.01,1
bread_knife.n.01,object.n.01,1
drawer.n.01,instrumentality.n.03,1
cooking_utensil.n.01,object.n.01,1
cream.n.02,food.n.01,1
kitchen_table.n.01,physical_entity.n.01,1
shoe.n.01,artifact.n.01,1
alarm_clock.n.01,instrument.n.01,1
tool.n.01,physical_entity.n.01,1
clothing.n.01,covering.n.02,1
television.n.01,object.n.01,1
crock_pot.n.01,utensil.n.01,1
crock_pot.n.01,whole.n.02,1
toiletry.n.01,whole.n.02,1
lantern.n.01,object.n.01,1
blackboard.n.01,physical_entity.n.01,1
tomato.n.01,matter.n.03,1
dimmer.n.01,object.n.01,1
mixer.n.04,utensil.n.01,1
machine.n.01,whole.n.02,1
mouse.n.01,animal.n.01,1
cassette_deck.n.01,artifact.n.01,1
football_helmet.n.01,entity.n.01,1
tomato.n.01,solid.n.01,1
file.n.03,furniture.n.01,1
bicycle.n.01,object.n.01,1
sports_equipment.n.01,instrumentality.n.03,1
kitchen_appliance.n.01,appliance.n.02,1
crock_pot.n.01,implement.n.01,1
remote_control.n.01,device.n.01,1
saucer.n.02,whole.n.02,1
edible_fruit.n.01,entity.n.01,1
footwear.n.02,artifact.n.01,1
digital_clock.n.01,artifact.n.01,1
vascular_plant.n.01,whole.n.02,1
mat.n.03,instrumentality.n.03,1
part.n.02,physical_entity.n.01,1
candle.n.01,entity.n.01,1
heater.n.01,object.n.01,1
houseplant.n.01,whole.n.02,1
measuring_instrument.n.01,object.n.01,1
portable_computer.n.01,physical_entity.n.01,1
physical_entity.n.01,entity.n.01,1
tea.n.01,entity.n.01,1
garment.n.01,physical_entity.n.01,1
golf_ball.n.01,instrumentality.n.03,1
saltshaker.n.01,container.n.01,1
apparel.n.01,clothing.n.01,1
umbrella.n.01,whole.n.02,1
plant.n.02,entity.n.01,1
balloon.n.01,object.n.01,1
pitcher.n.02,object.n.01,1
flower.n.01,organism.n.01,1
trouser.n.01,garment.n.01,1
saltshaker.n.01,artifact.n.01,1
basketball.n.02,object.n.01,1
whisk.n.01,mixer.n.04,1
toothbrush.n.01,artifact.n.01,1
edible_fruit.n.01,produce.n.01,1
hand_blower.n.01,entity.n.01,1
rule.n.12,entity.n.01,1
PlayStation.n.01,device.n.01,1
can.n.01,whole.n.02,1
swimsuit.n.01,garment.n.01,1
electrical_device.n.01,physical_entity.n.01,1
area.n.05,artifact.n.01,1
saucer.n.02,tableware.n.01,1
crock_pot.n.01,kitchen_utensil.n.01,1
earring.n.01,physical_entity.n.01,1
can_opener.n.01,entity.n.01,1
crock_pot.n.01,cooking_utensil.n.01,1
cat.n.01,animal.n.01,1
bathtub.n.01,vessel.n.03,1
pot.n.04,instrumentality.n.03,1
placental.n.01,object.n.01,1
baked_goods.n.01,entity.n.01,1
ice_cream.n.01,matter.n.03,1
watermelon.n.01,physical_entity.n.01,1
wineglass.n.01,whole.n.02,1
flag.n.01,artifact.n.01,1
cheese.n.01,entity.n.01,1
coffee_maker.n.01,appliance.n.02,1
dryer.n.01,whole.n.02,1
computer_keyboard.n.01,object.n.01,1
belt.n.02,entity.n.01,1
edible_fruit.n.01,food.n.02,1
sunhat.n.01,object.n.01,1
bread_knife.n.01,instrumentality.n.03,1
envelope.n.01,physical_entity.n.01,1
framework.n.03,entity.n.01,1
wall_clock.n.01,artifact.n.01,1
light_bulb.n.01,object.n.01,1
spatula.n.01,physical_entity.n.01,1
baseball_bat.n.01,entity.n.01,1
kitchen_appliance.n.01,entity.n.01,1
bathing_cap.n.01,headdress.n.01,1
electronic_equipment.n.01,physical_entity.n.01,1
jacket.n.01,garment.n.01,1
timepiece.n.01,instrument.n.01,1
trouser.n.01,artifact.n.01,1
Picnic_basket.n.01,container.n.01,1
beetle.n.01,object.n.01,1
bicycle.n.01,instrumentality.n.03,1
edible_fruit.n.01,solid.n.01,1
Picnic_basket.n.01,artifact.n.01,1
bottle_opener.n.01,hand_tool.n.01,1
scissors.n.01,entity.n.01,1
bite.n.04,entity.n.01,1
piano_keyboard.n.01,device.n.01,1
pen.n.01,writing_implement.n.01,1
wheelchair.n.01,physical_entity.n.01,1
cassette_deck.n.01,whole.n.02,1
jean.n.01,garment.n.01,1
lipstick.n.01,toiletry.n.01,1
banana.n.01,whole.n.02,1
electronic_equipment.n.01,equipment.n.01,1
notebook.n.02,object.n.01,1
mat.n.03,sports_equipment.n.01,1
water_glass.n.02,entity.n.01,1
home_plate.n.01,whole.n.02,1
cupboard.n.01,entity.n.01,1
sweet_pepper.n.01,object.n.01,1
love_seat.n.01,artifact.n.01,1
washer.n.03,appliance.n.02,1
bathing_cap.n.01,clothing.n.01,1
balloon.n.01,instrumentality.n.03,1
baked_goods.n.01,food.n.02,1
baseball_glove.n.01,object.n.01,1
bag.n.06,object.n.01,1
object.n.01,entity.n.01,1
digital_clock.n.01,whole.n.02,1
boot.n.01,artifact.n.01,1
wheeled_vehicle.n.01,container.n.01,1
bird.n.01,vertebrate.n.01,1
electronic_device.n.01,physical_entity.n.01,1
scarf.n.01,artifact.n.01,1
cheese.n.01,food.n.02,1
opener.n.03,object.n.01,1
device.n.01,entity.n.01,1
scale.n.07,whole.n.02,1
wheeled_vehicle.n.01,artifact.n.01,1
lamp.n.01,device.n.01,1
beer.n.01,alcohol.n.01,1
electric_fan.n.01,artifact.n.01,1
bed.n.01,entity.n.01,1
implement.n.01,artifact.n.01,1
wrench.n.03,artifact.n.01,1
sandal.n.01,object.n.01,1
bottle_opener.n.01,physical_entity.n.01,1
instrumentality.n.03,physical_entity.n.01,1
pencil_box.n.01,container.n.01,1
helmet.n.02,clothing.n.01,1
Dog_bed.n.01,bed.n.01,1
support.n.10,physical_entity.n.01,1
teacup.n.02,whole.n.02,1
cucumber.n.01,plant.n.02,1
pineapple.n.01,object.n.01,1
table.n.02,artifact.n.01,1
orange.n.01,entity.n.01,1
goggles.n.01,entity.n.01,1
furnishing.n.02,whole.n.02,1
High_heels.n.01,physical_entity.n.01,1
cake.n.03,physical_entity.n.01,1
watch.n.01,measuring_instrument.n.01,1
dishwasher.n.01,artifact.n.01,1
home_appliance.n.01,appliance.n.02,1
orange.n.01,edible_fruit.n.01,1
owl.n.01,organism.n.01,1
chest_of_drawers.n.01,physical_entity.n.01,1
jug.n.01,whole.n.02,1
blanket.n.01,object.n.01,1
solid.n.01,matter.n.03,1
sunglasses.n.01,object.n.01,1
medium.n.01,instrumentality.n.03,1
flag.n.01,whole.n.02,1
pottery.n.01,object.n.01,1
frying_pan.n.01,instrumentality.n.03,1
toilet.n.02,entity.n.01,1
cake.n.01,whole.n.02,1
orange.n.01,produce.n.01,1
XBox.n.01,physical_entity.n.01,1
equipment.n.01,physical_entity.n.01,1
plumbing_fixture.n.01,object.n.01,1
measuring_cup.n.01,instrumentality.n.03,1
lipstick.n.01,whole.n.02,1
racket.n.04,instrumentality.n.03,1
countertop.n.01,physical_entity.n.01,1
mixing_bowl.n.01,artifact.n.01,1
washer.n.03,entity.n.01,1
washer.n.03,home_appliance.n.01,1
flashlight.n.01,device.n.01,1
citrus.n.01,physical_entity.n.01,1
pizza.n.01,matter.n.03,1
writing_implement.n.01,physical_entity.n.01,1
curtain.n.01,physical_entity.n.01,1
shirt.n.01,entity.n.01,1
kettle.n.01,object.n.01,1
bird.n.01,whole.n.02,1
skateboard.n.01,physical_entity.n.01,1
plant_organ.n.01,object.n.01,1
electric_socket.n.01,object.n.01,1
door.n.01,structure.n.01,1
printer.n.03,artifact.n.01,1
cellular_telephone.n.01,whole.n.02,1
boxing_glove.n.01,whole.n.02,1
orange.n.01,food.n.02,1
file.n.03,artifact.n.01,1
condiment.n.01,entity.n.01,1
microwave.n.02,whole.n.02,1
board.n.03,whole.n.02,1
tennis_racket.n.01,entity.n.01,1
coffee.n.01,entity.n.01,1
beer.n.01,entity.n.01,1
woody_plant.n.01,organism.n.01,1
furniture.n.01,physical_entity.n.01,1
adhesive_tape.n.01,object.n.01,1
animal.n.01,entity.n.01,1
pot.n.04,container.n.01,1
treadmill.n.01,object.n.01,1
vertebrate.n.01,object.n.01,1
cabinetwork.n.01,whole.n.02,1
scarf.n.01,whole.n.02,1
doll.n.01,whole.n.02,1
computer_monitor.n.01,entity.n.01,1
jewelry.n.01,entity.n.01,1
console.n.02,instrument.n.01,1
wrench.n.03,hand_tool.n.01,1
cucumber.n.01,organism.n.01,1
duck.n.01,vertebrate.n.01,1
hand_tool.n.01,instrumentality.n.03,1
swimsuit.n.01,physical_entity.n.01,1
egg.n.02,food.n.01,1
cereal_box.n.01,object.n.01,1
sculpture.n.01,physical_entity.n.01,1
pen.n.01,object.n.01,1
keyboard.n.01,entity.n.01,1
bread_knife.n.01,artifact.n.01,1
cooking_utensil.n.01,artifact.n.01,1
jean.n.01,trouser.n.01,1
case.n.05,entity.n.01,1
instrument.n.01,object.n.01,1
pet.n.01,entity.n.01,1
container.n.01,whole.n.02,1
television.n.01,artifact.n.01,1
lantern.n.01,artifact.n.01,1
Table_tennis_racket.n.01,physical_entity.n.01,1
backpack.n.01,bag.n.01,1
plastic_bag.n.01,object.n.01,1
lemon.n.01,physical_entity.n.01,1
dimmer.n.01,artifact.n.01,1
box.n.01,entity.n.01,1
utensil.n.01,entity.n.01,1
cucumber.n.01,vine.n.01,1
boot.n.01,footwear.n.02,1
bicycle.n.01,container.n.01,1
shelf.n.01,support.n.10,1
laptop.n.01,machine.n.01,1
toaster.n.02,entity.n.01,1
toaster.n.02,home_appliance.n.01,1
cabinetwork.n.01,creation.n.02,1
bicycle.n.01,artifact.n.01,1
laptop.n.01,physical_entity.n.01,1
popcorn.n.01,physical_entity.n.01,1
jacket.n.01,physical_entity.n.01,1
eraser.n.01,physical_entity.n.01,1
pencil_box.n.01,physical_entity.n.01,1
PlayStation.n.01,console.n.02,1
dog.n.01,whole.n.02,1
toilet_tissue.n.01,physical_entity.n.01,1
ring.n.08,object.n.01,1
Nightstand.n.01,object.n.01,1
violin.n.01,whole.n.02,1
drawer.n.01,physical_entity.n.01,1
heater.n.01,artifact.n.01,1
measuring_instrument.n.01,artifact.n.01,1
herb.n.01,whole.n.02,1
sweet_pepper.n.01,woody_plant.n.01,1
foodstuff.n.02,entity.n.01,1
kettle.n.01,instrumentality.n.03,1
glass.n.01,matter.n.03,1
balloon.n.01,artifact.n.01,1
pot.n.01,whole.n.02,1
decoration.n.01,object.n.01,1
pitcher.n.02,artifact.n.01,1
wallet.n.01,whole.n.02,1
mixing_bowl.n.01,whole.n.02,1
mouse.n.04,instrumentality.n.03,1
rule.n.12,instrument.n.01,1
jean.n.01,physical_entity.n.01,1
glass.n.01,solid.n.01,1
basketball.n.02,artifact.n.01,1
ladle.n.01,artifact.n.01,1
tool.n.01,entity.n.01,1
doughnut.n.02,entity.n.01,1
frisbee.n.01,object.n.01,1
motorcycle.n.01,instrumentality.n.03,1
pear.n.01,physical_entity.n.01,1
tableware.n.01,object.n.01,1
chopstick.n.01,object.n.01,1
sports_equipment.n.01,physical_entity.n.01,1
perfume.n.02,instrumentality.n.03,1
vascular_plant.n.01,plant.n.02,1
duck.n.01,whole.n.02,1
flag.n.01,decoration.n.01,1
houseplant.n.01,plant.n.02,1
mat.n.03,physical_entity.n.01,1
treadmill.n.01,instrumentality.n.03,1
bag.n.04,instrumentality.n.03,1
piano.n.01,whole.n.02,1
fireplace.n.01,object.n.01,1
scale.n.07,measuring_instrument.n.01,1
alcohol.n.01,matter.n.03,1
candy.n.01,matter.n.03,1
golf_ball.n.01,physical_entity.n.01,1
coffee_cup.n.01,object.n.01,1
sock.n.01,physical_entity.n.01,1
printer.n.03,machine.n.01,1
vase.n.01,object.n.01,1
PlayStation.n.01,object.n.01,1
tea_tray.n.01,entity.n.01,1
computer_keyboard.n.01,artifact.n.01,1
desk.n.01,furniture.n.01,1
sports_equipment.n.01,equipment.n.01,1
digital_clock.n.01,clock.n.01,1
fruit.n.01,whole.n.02,1
pencil_box.n.01,box.n.01,1
part.n.02,entity.n.01,1
sunhat.n.01,artifact.n.01,1
portable_computer.n.01,entity.n.01,1
mouse.n.01,vertebrate.n.01,1
garment.n.01,entity.n.01,1
vine.n.01,physical_entity.n.01,1
book.n.01,object.n.01,1
football.n.02,object.n.01,1
suit.n.01,covering.n.02,1
mat.n.03,equipment.n.01,1
digital_clock.n.01,device.n.01,1
light_bulb.n.01,artifact.n.01,1
calculator.n.02,whole.n.02,1
tea.n.01,food.n.01,1
refrigerator.n.01,object.n.01,1
measuring_cup.n.01,container.n.01,1
glass.n.02,whole.n.02,1
golf_ball.n.01,equipment.n.01,1
switch.n.01,object.n.01,1
stringed_instrument.n.01,object.n.01,1
tea.n.01,beverage.n.01,1
chopping_board.n.01,object.n.01,1
electrical_device.n.01,entity.n.01,1
pot.n.04,physical_entity.n.01,1
earring.n.01,entity.n.01,1
desk.n.01,instrumentality.n.03,1
cup.n.01,artifact.n.01,1
earphone.n.01,entity.n.01,1
kettle.n.01,pot.n.01,1
notebook.n.02,artifact.n.01,1
hammer.n.01,whole.n.02,1
bag.n.06,container.n.01,1
watermelon.n.01,entity.n.01,1
covering.n.02,physical_entity.n.01,1
spoon.n.01,instrumentality.n.03,1
baseball_glove.n.01,artifact.n.01,1
bag.n.06,artifact.n.01,1
envelope.n.01,entity.n.01,1
cookie.n.01,baked_goods.n.01,1
remote_control.n.01,instrumentality.n.03,1
shelf.n.01,object.n.01,1
water_faucet.n.01,object.n.01,1
opener.n.03,artifact.n.01,1
Facial_tissue_holder.n.01,object.n.01,1
key.n.01,object.n.01,1
spatula.n.01,entity.n.01,1
wall_clock.n.01,clock.n.01,1
gas_range.n.01,object.n.01,1
whisk.n.01,entity.n.01,1
structure.n.01,object.n.01,1
teapot.n.01,object.n.01,1
Bicycle_helmet.n.01,helmet.n.02,1
dumbbell.n.01,object.n.01,1
bowl.n.01,vessel.n.03,1
pitcher.n.02,whole.n.02,1
electronic_equipment.n.01,entity.n.01,1
watermelon.n.01,melon.n.02,1
wall_clock.n.01,device.n.01,1
die.n.01,whole.n.02,1
ladle.n.01,whole.n.02,1
clothing.n.01,whole.n.02,1
short_pants.n.01,covering.n.02,1
goggles.n.01,instrument.n.01,1
food_processor.n.01,whole.n.02,1
banana.n.01,plant.n.02,1
whole.n.02,object.n.01,1
juice.n.01,entity.n.01,1
timepiece.n.01,whole.n.02,1
work.n.02,object.n.01,1
mouse.n.01,whole.n.02,1
necklace.n.01,whole.n.02,1
electric_lamp.n.01,whole.n.02,1
lamp.n.01,object.n.01,1
stapler.n.01,artifact.n.01,1
block.n.01,object.n.01,1
coffee_cup.n.01,instrumentality.n.03,1
mechanism.n.05,artifact.n.01,1
vase.n.01,instrumentality.n.03,1
PlayStation.n.01,instrumentality.n.03,1
ice_cream.n.01,nutriment.n.01,1
coffee_table.n.01,table.n.02,1
wheelchair.n.01,entity.n.01,1
scarf.n.01,clothing.n.01,1
screwdriver.n.01,whole.n.02,1
food.n.02,physical_entity.n.01,1
fork.n.01,whole.n.02,1
bathtub.n.01,whole.n.02,1
bookcase.n.01,object.n.01,1
blanket.n.01,artifact.n.01,1
melon.n.02,whole.n.02,1
hair_spray.n.01,toiletry.n.01,1
sunglasses.n.01,artifact.n.01,1
pottery.n.01,artifact.n.01,1
electronic_device.n.01,entity.n.01,1
doorknob.n.01,object.n.01,1
bicycle.n.01,wheeled_vehicle.n.01,1
coffee_table.n.01,furnishing.n.02,1
bag.n.06,case.n.05,1
clock.n.01,measuring_instrument.n.01,1
screwdriver.n.01,implement.n.01,1
toilet.n.01,artifact.n.01,1
kitchenware.n.01,instrumentality.n.03,1
spectacles.n.01,object.n.01,1
kettle.n.01,container.n.01,1
instrumentality.n.03,entity.n.01,1
helmet.n.02,object.n.01,1
support.n.10,entity.n.01,1
bowl.n.01,instrumentality.n.03,1
fork.n.01,tableware.n.01,1
electric_fan.n.01,device.n.01,1
vessel.n.03,instrumentality.n.03,1
cat.n.01,whole.n.02,1
motorcycle.n.01,container.n.01,1
cake.n.03,entity.n.01,1
cup.n.01,whole.n.02,1
watch.n.01,object.n.01,1
medium.n.01,physical_entity.n.01,1
guitar.n.01,stringed_instrument.n.01,1
soccer_ball.n.01,object.n.01,1
guitar.n.01,whole.n.02,1
mug.n.04,instrumentality.n.03,1
cat.n.01,placental.n.01,1
coffee_table.n.01,whole.n.02,1
frying_pan.n.01,physical_entity.n.01,1
mixer.n.03,object.n.01,1
tomato.n.01,physical_entity.n.01,1
shelf.n.01,instrumentality.n.03,1
squash.n.01,whole.n.02,1
Bicycle_helmet.n.01,object.n.01,1
opener.n.03,hand_tool.n.01,1
pencil.n.01,instrumentality.n.03,1
Facial_tissue_holder.n.01,instrumentality.n.03,1
key.n.01,instrumentality.n.03,1
Bathroom_cabinet.n.01,furniture.n.01,1
adhesive_tape.n.01,artifact.n.01,1
measuring_cup.n.01,physical_entity.n.01,1
candle.n.01,artifact.n.01,1
treadmill.n.01,artifact.n.01,1
racket.n.04,physical_entity.n.01,1
cereal_box.n.01,container.n.01,1
equipment.n.01,entity.n.01,1
XBox.n.01,entity.n.01,1
garment.n.01,covering.n.02,1
crock_pot.n.01,object.n.01,1
toiletry.n.01,object.n.01,1
bag.n.01,instrumentality.n.03,1
notebook.n.02,machine.n.01,1
cereal_box.n.01,artifact.n.01,1
alarm_clock.n.01,measuring_instrument.n.01,1
countertop.n.01,entity.n.01,1
violin.n.01,device.n.01,1
citrus.n.01,entity.n.01,1
pen.n.01,artifact.n.01,1
sweet_pepper.n.01,physical_entity.n.01,1
soap_dispenser.n.01,instrumentality.n.03,1
volleyball.n.02,instrumentality.n.03,1
writing_implement.n.01,entity.n.01,1
lamp.n.01,instrumentality.n.03,1
curtain.n.01,entity.n.01,1
creation.n.02,physical_entity.n.01,1
machine.n.01,object.n.01,1
hair_spray.n.01,whole.n.02,1
instrument.n.01,artifact.n.01,1
plastic_bag.n.01,container.n.01,1
microwave.n.02,home_appliance.n.01,1
citrus.n.01,edible_fruit.n.01,1
pineapple.n.01,whole.n.02,1
Bathroom_cabinet.n.01,instrumentality.n.03,1
saucer.n.02,object.n.01,1
plastic_bag.n.01,artifact.n.01,1
vascular_plant.n.01,object.n.01,1
stapler.n.01,whole.n.02,1
mechanism.n.05,whole.n.02,1
tripod.n.01,entity.n.01,1
houseplant.n.01,object.n.01,1
cake.n.03,food.n.02,1
newspaper.n.01,instrumentality.n.03,1
printer.n.03,device.n.01,1
ashcan.n.01,whole.n.02,1
citrus.n.01,produce.n.01,1
condiment.n.01,food.n.01,1
drum.n.01,whole.n.02,1
sandal.n.01,physical_entity.n.01,1
umbrella.n.01,object.n.01,1
furniture.n.01,entity.n.01,1
love_seat.n.01,seat.n.03,1
hand_tool.n.01,physical_entity.n.01,1
wardrobe.n.01,physical_entity.n.01,1
bite.n.04,nutriment.n.01,1
fruit.n.01,plant_organ.n.01,1
blender.n.01,instrumentality.n.03,1
ring.n.08,artifact.n.01,1
Nightstand.n.01,artifact.n.01,1
ice_cream.n.01,physical_entity.n.01,1
coffee.n.01,beverage.n.01,1
toilet.n.01,whole.n.02,1
beer.n.01,beverage.n.01,1
clock.n.01,entity.n.01,1
console.n.02,whole.n.02,1
piano_keyboard.n.01,keyboard.n.01,1
tiara.n.01,physical_entity.n.01,1
flower.n.01,physical_entity.n.01,1
can.n.01,object.n.01,1
sculpture.n.01,entity.n.01,1
dishwasher.n.01,white_goods.n.01,1
necklace.n.01,decoration.n.01,1
citrus.n.01,food.n.02,1
paper_towel.n.01,physical_entity.n.01,1
calculator.n.02,device.n.01,1
frisbee.n.01,artifact.n.01,1
Table_tennis_racket.n.01,entity.n.01,1
mixer.n.03,instrumentality.n.03,1
sheet.n.06,physical_entity.n.01,1
tableware.n.01,artifact.n.01,1
wineglass.n.01,object.n.01,1
picture_frame.n.01,structure.n.01,1
hand_tool.n.01,tool.n.01,1
plumbing_fixture.n.01,physical_entity.n.01,1
dryer.n.01,object.n.01,1
football_helmet.n.01,whole.n.02,1
cupboard.n.01,artifact.n.01,1
herb.n.01,plant.n.02,1
lantern.n.01,device.n.01,1
lemon.n.01,edible_fruit.n.01,1
coffee_cup.n.01,container.n.01,1
sink.n.01,entity.n.01,1
laptop.n.01,entity.n.01,1
camera.n.01,instrumentality.n.03,1
vase.n.01,container.n.01,1
dimmer.n.01,device.n.01,1
shoe.n.01,covering.n.02,1
fireplace.n.01,artifact.n.01,1
crock_pot.n.01,instrumentality.n.03,1
toiletry.n.01,instrumentality.n.03,1
jacket.n.01,entity.n.01,1
kettle.n.01,physical_entity.n.01,1
coffee_cup.n.01,artifact.n.01,1
citrus.n.01,solid.n.01,1
candle.n.01,whole.n.02,1
eraser.n.01,entity.n.01,1
pencil_box.n.01,entity.n.01,1
vase.n.01,artifact.n.01,1
chopping_board.n.01,board.n.03,1
mixer.n.04,instrumentality.n.03,1
drawer.n.01,entity.n.01,1
cassette_deck.n.01,electronic_equipment.n.01,1
mouse.n.04,physical_entity.n.01,1
lemon.n.01,produce.n.01,1
plant.n.02,whole.n.02,1
sunhat.n.01,headdress.n.01,1
book.n.01,artifact.n.01,1
football.n.02,artifact.n.01,1
bed.n.01,artifact.n.01,1
motorcycle.n.01,physical_entity.n.01,1
timepiece.n.01,measuring_instrument.n.01,1
foodstuff.n.02,food.n.01,1
alarm_clock.n.01,entity.n.01,1
computer_monitor.n.01,electronic_device.n.01,1
jean.n.01,entity.n.01,1
heater.n.01,device.n.01,1
measuring_instrument.n.01,device.n.01,1
perfume.n.02,physical_entity.n.01,1
hammer.n.01,mechanism.n.05,1
hand_blower.n.01,whole.n.02,1
cassette_deck.n.01,object.n.01,1
banana.n.01,object.n.01,1
switch.n.01,artifact.n.01,1
rule.n.12,whole.n.02,1
pear.n.01,entity.n.01,1
stringed_instrument.n.01,artifact.n.01,1
home_plate.n.01,object.n.01,1
pressure_cooker.n.01,entity.n.01,1
chopping_board.n.01,artifact.n.01,1
bag.n.04,physical_entity.n.01,1
sports_equipment.n.01,entity.n.01,1
can_opener.n.01,whole.n.02,1
seat.n.03,furnishing.n.02,1
digital_clock.n.01,object.n.01,1
High_heels.n.01,covering.n.02,1
pear.n.01,edible_fruit.n.01,1
lemon.n.01,food.n.02,1
popcorn.n.01,organism.n.01,1
scale.n.07,object.n.01,1
mug.n.04,container.n.01,1
blackboard.n.01,sheet.n.06,1
golf_ball.n.01,entity.n.01,1
belt.n.02,whole.n.02,1
sock.n.01,entity.n.01,1
door.n.01,entity.n.01,1
toilet.n.02,artifact.n.01,1
motorcycle.n.01,wheeled_vehicle.n.01,1
pear.n.01,produce.n.01,1
ball.n.01,entity.n.01,1
can_opener.n.01,implement.n.01,1
headdress.n.01,physical_entity.n.01,1
mirror.n.01,physical_entity.n.01,1
Facial_tissue_holder.n.01,container.n.01,1
framework.n.03,whole.n.02,1
cream.n.02,matter.n.03,1
lemon.n.01,matter.n.03,1
shelf.n.01,artifact.n.01,1
teacup.n.02,object.n.01,1
water_faucet.n.01,artifact.n.01,1
baseball_bat.n.01,whole.n.02,1
solid.n.01,physical_entity.n.01,1
teapot.n.01,container.n.01,1
kitchen_appliance.n.01,whole.n.02,1
Facial_tissue_holder.n.01,artifact.n.01,1
key.n.01,artifact.n.01,1
gas_range.n.01,artifact.n.01,1
computer_keyboard.n.01,device.n.01,1
lemon.n.01,solid.n.01,1
structure.n.01,artifact.n.01,1
nutriment.n.01,food.n.01,1
teapot.n.01,artifact.n.01,1
furnishing.n.02,object.n.01,1
dumbbell.n.01,artifact.n.01,1
shirt.n.01,artifact.n.01,1
beverage.n.01,food.n.01,1
white_goods.n.01,physical_entity.n.01,1
desk.n.01,physical_entity.n.01,1
light_bulb.n.01,device.n.01,1
toilet_tissue.n.01,matter.n.03,1
jug.n.01,object.n.01,1
Infant_bed.n.01,entity.n.01,1
gas_range.n.01,kitchen_appliance.n.01,1
pear.n.01,food.n.02,1
bed.n.01,furnishing.n.02,1
scissors.n.01,whole.n.02,1
pizza.n.01,physical_entity.n.01,1
work.n.02,artifact.n.01,1
flag.n.01,object.n.01,1
wine.n.01,food.n.01,1
block.n.01,artifact.n.01,1
spoon.n.01,physical_entity.n.01,1
cake.n.01,object.n.01,1
popcorn.n.01,vascular_plant.n.01,1
candy.n.01,nutriment.n.01,1
tennis_racket.n.01,artifact.n.01,1
cupboard.n.01,whole.n.02,1
water_glass.n.02,whole.n.02,1
decoration.n.01,physical_entity.n.01,1
owl.n.01,physical_entity.n.01,1
watch.n.01,timepiece.n.01,1
remote_control.n.01,physical_entity.n.01,1
vine.n.01,organism.n.01,1
covering.n.02,entity.n.01,1
bookcase.n.01,artifact.n.01,1
lipstick.n.01,object.n.01,1
computer_monitor.n.01,artifact.n.01,1
scissors.n.01,implement.n.01,1
picture_frame.n.01,physical_entity.n.01,1
device.n.01,whole.n.02,1
notebook.n.02,device.n.01,1
chopstick.n.01,physical_entity.n.01,1
swimsuit.n.01,covering.n.02,1
pear.n.01,solid.n.01,1
bird.n.01,object.n.01,1
cassette_deck.n.01,instrumentality.n.03,1
bed.n.01,whole.n.02,1
cellular_telephone.n.01,object.n.01,1
boxing_glove.n.01,object.n.01,1
spectacles.n.01,artifact.n.01,1
digital_clock.n.01,instrumentality.n.03,1
microwave.n.02,object.n.01,1
board.n.03,object.n.01,1
PlayStation.n.01,physical_entity.n.01,1
doll.n.01,plaything.n.01,1
goggles.n.01,whole.n.02,1
utensil.n.01,artifact.n.01,1
juice.n.01,food.n.01,1
apparel.n.01,physical_entity.n.01,1
cabinetwork.n.01,object.n.01,1
watch.n.01,artifact.n.01,1
toaster.n.02,artifact.n.01,1
doll.n.01,object.n.01,1
appliance.n.02,physical_entity.n.01,1
soccer_ball.n.01,artifact.n.01,1
saltshaker.n.01,instrumentality.n.03,1
woody_plant.n.01,physical_entity.n.01,1
food.n.01,matter.n.03,1
mixer.n.03,artifact.n.01,1
refrigerator.n.01,physical_entity.n.01,1
produce.n.01,matter.n.03,1
Bicycle_helmet.n.01,artifact.n.01,1
stapler.n.01,device.n.01,1
XBox.n.01,instrument.n.01,1
vine.n.01,vascular_plant.n.01,1
charger.n.02,physical_entity.n.01,1
jacket.n.01,covering.n.02,1
mechanism.n.05,device.n.01,1
toilet.n.02,whole.n.02,1
kitchenware.n.01,physical_entity.n.01,1
Table_tennis_racket.n.01,racket.n.04,1
cucumber.n.01,physical_entity.n.01,1
toaster.n.02,kitchen_appliance.n.01,1
produce.n.01,solid.n.01,1
toilet.n.02,plumbing_fixture.n.01,1
container.n.01,object.n.01,1
sunglasses.n.01,device.n.01,1
bowl.n.01,physical_entity.n.01,1
toiletry.n.01,artifact.n.01,1
washer.n.03,whole.n.02,1
vessel.n.03,physical_entity.n.01,1
milk.n.01,matter.n.03,1
jean.n.01,covering.n.02,1
paper_towel.n.01,part.n.02,1
shirt.n.01,whole.n.02,1
football_helmet.n.01,clothing.n.01,1
machine.n.01,artifact.n.01,1
glass.n.01,physical_entity.n.01,1
book.n.01,work.n.02,1
squash.n.01,plant.n.02,1
duck.n.01,animal.n.01,1
mug.n.04,physical_entity.n.01,1
Dog_bed.n.01,physical_entity.n.01,1
love_seat.n.01,furniture.n.01,1
piano_keyboard.n.01,physical_entity.n.01,1
saucer.n.02,artifact.n.01,1
pencil.n.01,physical_entity.n.01,1
dog.n.01,object.n.01,1
medium.n.01,entity.n.01,1
violin.n.01,object.n.01,1
tennis_racket.n.01,whole.n.02,1
frying_pan.n.01,entity.n.01,1
christmas_bush.n.01,object.n.01,1
baseball_equipment.n.01,object.n.01,1
pencil_sharpener.n.01,entity.n.01,1
window.n.01,structure.n.01,1
herb.n.01,object.n.01,1
tomato.n.01,entity.n.01,1
animal.n.01,whole.n.02,1
umbrella.n.01,artifact.n.01,1
tea_tray.n.01,artifact.n.01,1
blender.n.01,mixer.n.04,1
pot.n.01,object.n.01,1
bag.n.01,physical_entity.n.01,1
wallet.n.01,object.n.01,1
jewelry.n.01,whole.n.02,1
mixing_bowl.n.01,object.n.01,1
cellular_telephone.n.01,instrumentality.n.03,1
computer_monitor.n.01,whole.n.02,1
racket.n.04,entity.n.01,1
Picnic_basket.n.01,instrumentality.n.03,1
home_plate.n.01,sports_equipment.n.01,1
soap_dispenser.n.01,physical_entity.n.01,1
volleyball.n.02,physical_entity.n.01,1
alcohol.n.01,physical_entity.n.01,1
lamp.n.01,physical_entity.n.01,1
can.n.01,container.n.01,1
placental.n.01,organism.n.01,1
tennis_racket.n.01,implement.n.01,1
candy.n.01,physical_entity.n.01,1
rule.n.12,measuring_instrument.n.01,1
pineapple.n.01,plant.n.02,1
candle.n.01,device.n.01,1
food.n.02,matter.n.03,1
kitchen_table.n.01,table.n.02,1
love_seat.n.01,instrumentality.n.03,1
can.n.01,artifact.n.01,1
treadmill.n.01,device.n.01,1
duck.n.01,object.n.01,1
case.n.05,whole.n.02,1
Bathroom_cabinet.n.01,physical_entity.n.01,1
creation.n.02,entity.n.01,1
pet.n.01,whole.n.02,1
tennis_ball.n.01,object.n.01,1
work.n.02,creation.n.02,1
bathing_cap.n.01,physical_entity.n.01,1
food.n.02,solid.n.01,1
wineglass.n.01,container.n.01,1
piano.n.01,object.n.01,1
doorknob.n.01,physical_entity.n.01,1
volleyball.n.02,equipment.n.01,1
newspaper.n.01,physical_entity.n.01,1
box.n.01,whole.n.02,1
utensil.n.01,whole.n.02,1
wheeled_vehicle.n.01,instrumentality.n.03,1
earphone.n.01,artifact.n.01,1
cream.n.02,foodstuff.n.02,1
wineglass.n.01,artifact.n.01,1
kitchen_table.n.01,furnishing.n.02,1
belt.n.02,clothing.n.01,1
coffee_cup.n.01,cup.n.01,1
dryer.n.01,artifact.n.01,1
instrument.n.01,device.n.01,1
fruit.n.01,object.n.01,1
toaster.n.02,whole.n.02,1
melon.n.02,vine.n.01,1
implement.n.01,instrumentality.n.03,1
beetle.n.01,organism.n.01,1
blender.n.01,physical_entity.n.01,1
briefcase.n.01,physical_entity.n.01,1
musical_instrument.n.01,physical_entity.n.01,1
helmet.n.02,physical_entity.n.01,1
hand_tool.n.01,entity.n.01,1
calculator.n.02,object.n.01,1
wardrobe.n.01,entity.n.01,1
utensil.n.01,implement.n.01,1
table.n.02,instrumentality.n.03,1
glass.n.02,object.n.01,1
plaything.n.01,physical_entity.n.01,1
backpack.n.01,entity.n.01,1
sweet_pepper.n.01,organism.n.01,1
ice_cream.n.01,entity.n.01,1
whisk.n.01,artifact.n.01,1
tiara.n.01,entity.n.01,1
flower.n.01,entity.n.01,1
baseball_glove.n.01,baseball_equipment.n.01,1
flashlight.n.01,physical_entity.n.01,1
tool.n.01,whole.n.02,1
paper_towel.n.01,entity.n.01,1
violin.n.01,instrumentality.n.03,1
hammer.n.01,object.n.01,1
home_plate.n.01,artifact.n.01,1
sheet.n.06,entity.n.01,1
camera.n.01,physical_entity.n.01,1
squash.n.01,vine.n.01,1
crock_pot.n.01,physical_entity.n.01,1
mixing_bowl.n.01,instrumentality.n.03,1
tool.n.01,implement.n.01,1
pineapple.n.01,organism.n.01,1
scale.n.07,artifact.n.01,1
mixer.n.04,physical_entity.n.01,1
boxing_glove.n.01,sports_equipment.n.01,1
pillow.n.01,physical_entity.n.01,1
kitchen_utensil.n.01,physical_entity.n.01,1
egg.n.02,matter.n.03,1
tea_tray.n.01,whole.n.02,1
printer.n.03,instrumentality.n.03,1
portable_computer.n.01,whole.n.02,1
white_goods.n.01,appliance.n.02,1
abstraction.n.06,entity.n.01,1
camera.n.01,equipment.n.01,1
die.n.01,object.n.01,1
garment.n.01,whole.n.02,1
ladle.n.01,object.n.01,1
mouse.n.04,entity.n.01,1
clothing.n.01,object.n.01,1
food_processor.n.01,object.n.01,1
sweet_pepper.n.01,vascular_plant.n.01,1
file.n.03,instrumentality.n.03,1
teacup.n.02,artifact.n.01,1
window.n.01,physical_entity.n.01,1
timepiece.n.01,object.n.01,1
piano.n.01,instrumentality.n.03,1
mouse.n.01,object.n.01,1
necklace.n.01,object.n.01,1
electric_lamp.n.01,object.n.01,1
furnishing.n.02,artifact.n.01,1
perfume.n.02,entity.n.01,1
area.n.05,structure.n.01,1
volleyball.n.02,ball.n.01,1
jug.n.01,container.n.01,1
screwdriver.n.01,object.n.01,1
electrical_device.n.01,whole.n.02,1
fork.n.01,object.n.01,1
bag.n.04,entity.n.01,1
lantern.n.01,lamp.n.01,1
bathtub.n.01,object.n.01,1
muffin.n.01,physical_entity.n.01,1
jug.n.01,artifact.n.01,1
earring.n.01,whole.n.02,1
melon.n.02,object.n.01,1
flashlight.n.01,electric_lamp.n.01,1
earphone.n.01,whole.n.02,1
scarf.n.01,garment.n.01,1
calculator.n.02,instrumentality.n.03,1
switch.n.01,device.n.01,1
jewelry.n.01,decoration.n.01,1
stringed_instrument.n.01,device.n.01,1
cake.n.01,artifact.n.01,1
cooking_utensil.n.01,instrumentality.n.03,1
teddy.n.01,physical_entity.n.01,1
watermelon.n.01,whole.n.02,1
television.n.01,instrumentality.n.03,1
lantern.n.01,instrumentality.n.03,1
kitchen_appliance.n.01,home_appliance.n.01,1
envelope.n.01,whole.n.02,1
lipstick.n.01,artifact.n.01,1
headdress.n.01,entity.n.01,1
flower.n.01,vascular_plant.n.01,1
mirror.n.01,entity.n.01,1
wheelchair.n.01,furnishing.n.02,1
dimmer.n.01,instrumentality.n.03,1
shirt.n.01,clothing.n.01,1
seat.n.03,entity.n.01,1
spatula.n.01,whole.n.02,1
solid.n.01,entity.n.01,1
oven.n.01,physical_entity.n.01,1
whisk.n.01,whole.n.02,1
whisk.n.01,utensil.n.01,1
goggles.n.01,spectacles.n.01,1
clock.n.01,timepiece.n.01,1
electronic_equipment.n.01,whole.n.02,1
cat.n.01,object.n.01,1
cellular_telephone.n.01,artifact.n.01,1
boxing_glove.n.01,artifact.n.01,1
vertebrate.n.01,organism.n.01,1
cookie.n.01,matter.n.03,1
cup.n.01,object.n.01,1
shelf.n.01,device.n.01,1
white_goods.n.01,entity.n.01,1
guitar.n.01,object.n.01,1
desk.n.01,entity.n.01,1
white_goods.n.01,home_appliance.n.01,1
board.n.03,artifact.n.01,1
microwave.n.02,artifact.n.01,1
coffee_table.n.01,object.n.01,1
key.n.01,device.n.01,1
squash.n.01,object.n.01,1
cookie.n.01,solid.n.01,1
heater.n.01,instrumentality.n.03,1
helmet.n.02,headdress.n.01,1
measuring_instrument.n.01,instrumentality.n.03,1
spatula.n.01,implement.n.01,1
shoe.n.01,physical_entity.n.01,1
whisk.n.01,implement.n.01,1
pizza.n.01,entity.n.01,1
tripod.n.01,artifact.n.01,1
wheelchair.n.01,whole.n.02,1
spoon.n.01,entity.n.01,1
pitcher.n.02,instrumentality.n.03,1
cabinetwork.n.01,artifact.n.01,1
microwave.n.02,kitchen_appliance.n.01,1
doll.n.01,artifact.n.01,1
owl.n.01,entity.n.01,1
basketball.n.02,instrumentality.n.03,1
ladle.n.01,instrumentality.n.03,1
football_helmet.n.01,helmet.n.02,1
remote_control.n.01,entity.n.01,1
sandal.n.01,covering.n.02,1
electronic_device.n.01,whole.n.02,1
refrigerator.n.01,white_goods.n.01,1
cassette_deck.n.01,physical_entity.n.01,1
Bicycle_helmet.n.01,headdress.n.01,1
picture_frame.n.01,entity.n.01,1
coffee_maker.n.01,entity.n.01,1
coffee_maker.n.01,home_appliance.n.01,1
hair_spray.n.01,object.n.01,1
chest_of_drawers.n.01,furnishing.n.02,1
clock.n.01,artifact.n.01,1
footwear.n.02,physical_entity.n.01,1
digital_clock.n.01,physical_entity.n.01,1
container.n.01,artifact.n.01,1
tiara.n.01,covering.n.02,1
computer_monitor.n.01,device.n.01,1
light_bulb.n.01,lamp.n.01,1
spatula.n.01,kitchen_utensil.n.01,1
instrumentality.n.03,whole.n.02,1
whisk.n.01,kitchen_utensil.n.01,1
alarm_clock.n.01,timepiece.n.01,1
stapler.n.01,object.n.01,1
support.n.10,whole.n.02,1
blanket.n.01,covering.n.02,1
cassette_deck.n.01,equipment.n.01,1
mechanism.n.05,object.n.01,1
doorknob.n.01,part.n.02,1
computer_keyboard.n.01,instrumentality.n.03,1
notebook.n.02,portable_computer.n.01,1
ashcan.n.01,object.n.01,1
drum.n.01,object.n.01,1
saltshaker.n.01,physical_entity.n.01,1
coffee_table.n.01,furniture.n.01,1
spectacles.n.01,device.n.01,1
Bicycle_helmet.n.01,clothing.n.01,1
toothbrush.n.01,physical_entity.n.01,1
light_bulb.n.01,instrumentality.n.03,1
curtain.n.01,furnishing.n.02,1
appliance.n.02,entity.n.01,1
sink.n.01,artifact.n.01,1
violin.n.01,artifact.n.01,1
area.n.05,physical_entity.n.01,1
woody_plant.n.01,entity.n.01,1
bottle_opener.n.01,tool.n.01,1
baseball_equipment.n.01,artifact.n.01,1
pot.n.01,container.n.01,1
earphone.n.01,electrical_device.n.01,1
roller_skate.n.01,entity.n.01,1
toilet.n.01,object.n.01,1
wallet.n.01,container.n.01,1
mixing_bowl.n.01,container.n.01,1
console.n.02,object.n.01,1
suit.n.01,entity.n.01,1
charger.n.02,entity.n.01,1
watch.n.01,device.n.01,1
kitchenware.n.01,entity.n.01,1
pot.n.01,artifact.n.01,1
wallet.n.01,artifact.n.01,1
cucumber.n.01,entity.n.01,1
XBox.n.01,whole.n.02,1
equipment.n.01,whole.n.02,1
cup.n.01,instrumentality.n.03,1
flag.n.01,physical_entity.n.01,1
furniture.n.01,furnishing.n.02,1
bowl.n.01,entity.n.01,1
countertop.n.01,whole.n.02,1
alarm_clock.n.01,artifact.n.01,1
notebook.n.02,instrumentality.n.03,1
vessel.n.03,entity.n.01,1
writing_implement.n.01,whole.n.02,1
curtain.n.01,whole.n.02,1
wall_clock.n.01,physical_entity.n.01,1
earring.n.01,decoration.n.01,1
football_helmet.n.01,object.n.01,1
tennis_ball.n.01,artifact.n.01,1
baseball_glove.n.01,instrumentality.n.03,1
pressure_cooker.n.01,artifact.n.01,1
bag.n.06,instrumentality.n.03,1
glass.n.01,entity.n.01,1
egg.n.02,foodstuff.n.02,1
mug.n.04,entity.n.01,1
piano.n.01,artifact.n.01,1
Dog_bed.n.01,entity.n.01,1
opener.n.03,instrumentality.n.03,1
trouser.n.01,physical_entity.n.01,1
piano_keyboard.n.01,entity.n.01,1
tripod.n.01,whole.n.02,1
pencil.n.01,entity.n.01,1
candle.n.01,object.n.01,1
machine.n.01,device.n.01,1
writing_implement.n.01,implement.n.01,1
kettle.n.01,vessel.n.03,1
garment.n.01,clothing.n.01,1
Picnic_basket.n.01,physical_entity.n.01,1
plant.n.02,object.n.01,1
furniture.n.01,whole.n.02,1
hair_spray.n.01,instrumentality.n.03,1
artifact.n.01,entity.n.01,1
door.n.01,artifact.n.01,1
home_appliance.n.01,entity.n.01,1
ball.n.01,artifact.n.01,1
calculator.n.02,artifact.n.01,1
bag.n.01,entity.n.01,1
headdress.n.01,covering.n.02,1
love_seat.n.01,physical_entity.n.01,1
glass.n.02,artifact.n.01,1
stapler.n.01,instrumentality.n.03,1
coin.n.01,abstraction.n.06,1
soap_dispenser.n.01,entity.n.01,1
volleyball.n.02,entity.n.01,1
alcohol.n.01,entity.n.01,1
hand_blower.n.01,object.n.01,1
mechanism.n.05,instrumentality.n.03,1
short_pants.n.01,entity.n.01,1
rule.n.12,object.n.01,1
clock.n.01,whole.n.02,1
candy.n.01,entity.n.01,1
wallet.n.01,case.n.05,1
boot.n.01,physical_entity.n.01,1
sculpture.n.01,whole.n.02,1
scarf.n.01,physical_entity.n.01,1
can_opener.n.01,object.n.01,1
cream.n.02,physical_entity.n.01,1
Bathroom_cabinet.n.01,entity.n.01,1
wheeled_vehicle.n.01,physical_entity.n.01,1
sunglasses.n.01,instrumentality.n.03,1
bathing_cap.n.01,entity.n.01,1
pottery.n.01,instrumentality.n.03,1
newspaper.n.01,medium.n.01,1
Table_tennis_racket.n.01,whole.n.02,1
electric_fan.n.01,physical_entity.n.01,1
Infant_bed.n.01,artifact.n.01,1
implement.n.01,physical_entity.n.01,1
wrench.n.03,physical_entity.n.01,1
newspaper.n.01,entity.n.01,1
hammer.n.01,artifact.n.01,1
woody_plant.n.01,vascular_plant.n.01,1
belt.n.02,object.n.01,1
framework.n.03,object.n.01,1
sink.n.01,whole.n.02,1
laptop.n.01,whole.n.02,1
table.n.02,physical_entity.n.01,1
blender.n.01,entity.n.01,1
briefcase.n.01,entity.n.01,1
christmas_bush.n.01,whole.n.02,1
baseball_bat.n.01,object.n.01,1
baseball_equipment.n.01,whole.n.02,1
cucumber.n.01,vascular_plant.n.01,1
earphone.n.01,device.n.01,1
teacup.n.02,cup.n.01,1
kitchen_appliance.n.01,object.n.01,1
pitcher.n.02,container.n.01,1
musical_instrument.n.01,entity.n.01,1
Table_tennis_racket.n.01,implement.n.01,1
jacket.n.01,whole.n.02,1
sink.n.01,plumbing_fixture.n.01,1
owl.n.01,animal.n.01,1
eraser.n.01,whole.n.02,1
pencil_box.n.01,whole.n.02,1
dishwasher.n.01,physical_entity.n.01,1
ladle.n.01,container.n.01,1
candle.n.01,lamp.n.01,1
cabinetwork.n.01,work.n.02,1
drawer.n.01,whole.n.02,1
frisbee.n.01,plaything.n.01,1
plaything.n.01,entity.n.01,1
kitchen_table.n.01,entity.n.01,1
die.n.01,artifact.n.01,1
food_processor.n.01,artifact.n.01,1
clothing.n.01,artifact.n.01,1
strawberry.n.01,edible_fruit.n.01,1
dog.n.01,physical_entity.n.01,1
organism.n.01,physical_entity.n.01,1
blackboard.n.01,entity.n.01,1
wrench.n.03,tool.n.01,1
alarm_clock.n.01,whole.n.02,1
timepiece.n.01,artifact.n.01,1
flashlight.n.01,entity.n.01,1
baseball_glove.n.01,sports_equipment.n.01,1
scissors.n.01,object.n.01,1
ice_cream.n.01,food.n.01,1
necklace.n.01,artifact.n.01,1
electric_lamp.n.01,artifact.n.01,1
eraser.n.01,implement.n.01,1
popcorn.n.01,herb.n.01,1
candle.n.01,instrumentality.n.03,1
bathtub.n.01,container.n.01,1
tennis_ball.n.01,whole.n.02,1
pressure_cooker.n.01,whole.n.02,1
water_glass.n.02,object.n.01,1
cupboard.n.01,object.n.01,1
food_processor.n.01,kitchen_appliance.n.01,1
screwdriver.n.01,artifact.n.01,1
mixing_bowl.n.01,physical_entity.n.01,1
sports_equipment.n.01,whole.n.02,1
fork.n.01,artifact.n.01,1
bathtub.n.01,artifact.n.01,1
camera.n.01,entity.n.01,1
apparel.n.01,covering.n.02,1
cereal_box.n.01,instrumentality.n.03,1
device.n.01,object.n.01,1
pen.n.01,instrumentality.n.03,1
printer.n.03,physical_entity.n.01,1
oven.n.01,appliance.n.02,1
mixer.n.04,entity.n.01,1
Infant_bed.n.01,furnishing.n.02,1
pillow.n.01,entity.n.01,1
kitchen_utensil.n.01,entity.n.01,1
golf_ball.n.01,whole.n.02,1
sock.n.01,whole.n.02,1
carrot.n.01,physical_entity.n.01,1
Nightstand.n.01,furniture.n.01,1
instrument.n.01,instrumentality.n.03,1
door.n.01,whole.n.02,1
bed.n.01,object.n.01,1
file.n.03,physical_entity.n.01,1
ball.n.01,whole.n.02,1
plastic_bag.n.01,instrumentality.n.03,1
scale.n.07,device.n.01,1
food.n.01,physical_entity.n.01,1
produce.n.01,physical_entity.n.01,1
window.n.01,entity.n.01,1
goggles.n.01,object.n.01,1
cup.n.01,container.n.01,1
vase.n.01,vessel.n.03,1
calculator.n.02,machine.n.01,1
strawberry.n.01,matter.n.03,1
guitar.n.01,artifact.n.01,1
watermelon.n.01,plant.n.02,1
coffee_table.n.01,artifact.n.01,1
Infant_bed.n.01,whole.n.02,1
Nightstand.n.01,instrumentality.n.03,1
bread_knife.n.01,physical_entity.n.01,1
milk.n.01,physical_entity.n.01,1
cooking_utensil.n.01,physical_entity.n.01,1
coin.n.01,entity.n.01,1
High_heels.n.01,shoe.n.01,1
strawberry.n.01,solid.n.01,1
toilet.n.02,object.n.01,1
orange.n.01,citrus.n.01,1
television.n.01,physical_entity.n.01,1
pencil_sharpener.n.01,artifact.n.01,1
lantern.n.01,physical_entity.n.01,1
placental.n.01,vertebrate.n.01,1
teddy.n.01,entity.n.01,1
dimmer.n.01,physical_entity.n.01,1
covering.n.02,whole.n.02,1
washer.n.03,object.n.01,1
vascular_plant.n.01,organism.n.01,1
bed.n.01,furniture.n.01,1
houseplant.n.01,organism.n.01,1
foodstuff.n.02,matter.n.03,1
shirt.n.01,object.n.01,1
bicycle.n.01,physical_entity.n.01,1
hair_spray.n.01,artifact.n.01,1
oven.n.01,entity.n.01,1
oven.n.01,home_appliance.n.01,1
screwdriver.n.01,hand_tool.n.01,1
bread_knife.n.01,tool.n.01,1
pet.n.01,animal.n.01,1
wall_clock.n.01,measuring_instrument.n.01,1
PlayStation.n.01,instrument.n.01,1
heater.n.01,physical_entity.n.01,1
measuring_instrument.n.01,physical_entity.n.01,1
mug.n.04,vessel.n.03,1
mouse.n.04,electronic_device.n.01,1
ashcan.n.01,container.n.01,1
bathing_cap.n.01,covering.n.02,1
tennis_racket.n.01,object.n.01,1
balloon.n.01,physical_entity.n.01,1
mouse.n.01,placental.n.01,1
pitcher.n.02,physical_entity.n.01,1
bite.n.04,food.n.01,1
animal.n.01,object.n.01,1
ashcan.n.01,artifact.n.01,1
drum.n.01,artifact.n.01,1
shoe.n.01,entity.n.01,1
basketball.n.02,physical_entity.n.01,1
football.n.02,instrumentality.n.03,1
muffin.n.01,food.n.02,1
bed.n.01,instrumentality.n.03,1
computer_monitor.n.01,object.n.01,1
jewelry.n.01,object.n.01,1
duck.n.01,bird.n.01,1
helmet.n.02,covering.n.02,1
tripod.n.01,device.n.01,1
switch.n.01,instrumentality.n.03,1
keyboard.n.01,object.n.01,1
stringed_instrument.n.01,instrumentality.n.03,1
console.n.02,artifact.n.01,1
basketball.n.02,equipment.n.01,1
backpack.n.01,artifact.n.01,1
case.n.05,object.n.01,1
muffin.n.01,matter.n.03,1
nutriment.n.01,matter.n.03,1
pet.n.01,object.n.01,1
bottle_opener.n.01,entity.n.01,1
placental.n.01,physical_entity.n.01,1
beverage.n.01,matter.n.03,1
footwear.n.02,entity.n.01,1
mixer.n.03,electronic_equipment.n.01,1
computer_keyboard.n.01,physical_entity.n.01,1
muffin.n.01,solid.n.01,1
box.n.01,object.n.01,1
utensil.n.01,object.n.01,1
sunhat.n.01,physical_entity.n.01,1
clock.n.01,device.n.01,1
High_heels.n.01,entity.n.01,1
football_helmet.n.01,artifact.n.01,1
toaster.n.02,object.n.01,1
light_bulb.n.01,physical_entity.n.01,1
wine.n.01,matter.n.03,1
saltshaker.n.01,entity.n.01,1
chest_of_drawers.n.01,entity.n.01,1
toothbrush.n.01,entity.n.01,1
medium.n.01,whole.n.02,1
watermelon.n.01,vine.n.01,1
frying_pan.n.01,whole.n.02,1
frying_pan.n.01,utensil.n.01,1
beetle.n.01,physical_entity.n.01,1
bookcase.n.01,furniture.n.01,1
banana.n.01,organism.n.01,1
teapot.n.01,instrumentality.n.03,1
pencil_sharpener.n.01,whole.n.02,1
dumbbell.n.01,instrumentality.n.03,1
area.n.05,entity.n.01,1
cat.n.01,physical_entity.n.01,1
home_plate.n.01,baseball_equipment.n.01,1
cup.n.01,physical_entity.n.01,1
picture_frame.n.01,framework.n.03,1
racket.n.04,whole.n.02,1
kitchen_table.n.01,object.n.01,1
tool.n.01,object.n.01,1
notebook.n.02,physical_entity.n.01,1
squash.n.01,physical_entity.n.01,1
frying_pan.n.01,implement.n.01,1
condiment.n.01,foodstuff.n.02,1
hand_blower.n.01,artifact.n.01,1
pencil_sharpener.n.01,implement.n.01,1
egg.n.02,physical_entity.n.01,1
tennis_racket.n.01,instrumentality.n.03,1
rule.n.12,artifact.n.01,1
baseball_glove.n.01,physical_entity.n.01,1
bag.n.06,physical_entity.n.01,1
skateboard.n.01,entity.n.01,1
wardrobe.n.01,furnishing.n.02,1
creation.n.02,whole.n.02,1
alarm_clock.n.01,clock.n.01,1
wall_clock.n.01,entity.n.01,1
opener.n.03,physical_entity.n.01,1
can_opener.n.01,artifact.n.01,1
bookcase.n.01,instrumentality.n.03,1
umbrella.n.01,covering.n.02,1
racket.n.04,implement.n.01,1
computer_monitor.n.01,instrumentality.n.03,1
chopping_board.n.01,sheet.n.06,1
alarm_clock.n.01,device.n.01,1
dishwasher.n.01,appliance.n.02,1
sock.n.01,clothing.n.01,1
tea_tray.n.01,object.n.01,1
trouser.n.01,entity.n.01,1
baseball_glove.n.01,equipment.n.01,1
belt.n.02,artifact.n.01,1
part.n.02,object.n.01,1
coffee.n.01,food.n.01,1
beer.n.01,food.n.01,1
portable_computer.n.01,object.n.01,1
banana.n.01,vascular_plant.n.01,1
garment.n.01,object.n.01,1
stapler.n.01,machine.n.01,1
light_bulb.n.01,electric_lamp.n.01,1
framework.n.03,artifact.n.01,1
pineapple.n.01,physical_entity.n.01,1
spectacles.n.01,instrumentality.n.03,1
piano.n.01,device.n.01,1
perfume.n.02,toiletry.n.01,1
Picnic_basket.n.01,entity.n.01,1
hand_tool.n.01,whole.n.02,1
frying_pan.n.01,kitchen_utensil.n.01,1
stapler.n.01,physical_entity.n.01,1
baseball_bat.n.01,artifact.n.01,1
swimsuit.n.01,entity.n.01,1
wardrobe.n.01,whole.n.02,1
basketball.n.02,ball.n.01,1
kitchen_appliance.n.01,artifact.n.01,1
pizza.n.01,nutriment.n.01,1
cookie.n.01,cake.n.03,1
box.n.01,instrumentality.n.03,1
utensil.n.01,instrumentality.n.03,1
seat.n.03,artifact.n.01,1
backpack.n.01,whole.n.02,1
opener.n.03,tool.n.01,1
love_seat.n.01,entity.n.01,1
blanket.n.01,physical_entity.n.01,1
watch.n.01,instrumentality.n.03,1
tiara.n.01,whole.n.02,1
sunglasses.n.01,physical_entity.n.01,1
flower.n.01,whole.n.02,1
boot.n.01,entity.n.01,1
electrical_device.n.01,object.n.01,1
pottery.n.01,physical_entity.n.01,1
soccer_ball.n.01,instrumentality.n.03,1
hand_tool.n.01,implement.n.01,1
earring.n.01,object.n.01,1
scissors.n.01,artifact.n.01,1
earphone.n.01,object.n.01,1
water_glass.n.02,container.n.01,1
lemon.n.01,entity.n.01,1
cream.n.02,entity.n.01,1
wheeled_vehicle.n.01,entity.n.01,1
teapot.n.01,pot.n.01,1
toilet.n.01,physical_entity.n.01,1
bird.n.01,organism.n.01,1
electric_fan.n.01,entity.n.01,1
water_glass.n.02,artifact.n.01,1
christmas_bush.n.01,plant.n.02,1
sheet.n.06,whole.n.02,1
alcohol.n.01,beverage.n.01,1
watermelon.n.01,object.n.01,1
implement.n.01,entity.n.01,1
ring.n.08,jewelry.n.01,1
wrench.n.03,entity.n.01,1
cookie.n.01,physical_entity.n.01,1
dumbbell.n.01,sports_equipment.n.01,1
apple.n.01,matter.n.03,1
popcorn.n.01,entity.n.01,1
envelope.n.01,object.n.01,1
toilet_tissue.n.01,entity.n.01,1
device.n.01,artifact.n.01,1
table.n.02,entity.n.01,1
plant_organ.n.01,physical_entity.n.01,1
hammer.n.01,device.n.01,1
electric_socket.n.01,physical_entity.n.01,1
spatula.n.01,object.n.01,1
machine.n.01,instrumentality.n.03,1
whisk.n.01,object.n.01,1
dishwasher.n.01,entity.n.01,1
dishwasher.n.01,home_appliance.n.01,1
electronic_equipment.n.01,object.n.01,1
coffee_maker.n.01,artifact.n.01,1
tripod.n.01,support.n.10,1
shirt.n.01,garment.n.01,1
mouse.n.04,whole.n.02,1
can_opener.n.01,hand_tool.n.01,1
